id,endereco
12737,"CONCLUSÃO DA CONSTRUÇÃO E SERVIÇOS COMPLEMENTARES DA QUADRA DA EEFM EDITE ALCÂNTARA, EM GENERAL SAMPAIO – CE",GENERAL SAMPAIO,CEARÁ,BRASIL
12736,"SERVIÇOS DE MANUTENÇÃO PREVENTIVA E CORRETIVA EM PRÉDIOS PÚBLICOS - SOP - SUPERINTENDÊNCIA DE OBRAS PÚBLICAS - MANUTENÇÕES NA COORDENADORIA DA ÁREA DESCENTRALIZADA DE SAÚDE - COADS, NO MUNICÍPIO DE TIANGUÁ - CE",TIANGUÁ,CEARÁ,BRASIL
12735,"CONSTRUÇÃO DE UMA ESCOLA DE ENSINO PROFISSIONALIZANTE (EEEP), TOMANDO COMO MODELO UMA EEM TIPO II + 1 BLOCO DE LABORATÓRIOS, NO MUNICÍPIO DE CASCAVEL – CE",CASCAVEL,CEARÁ,BRASIL
12734,"CONSTRUÇÃO DA EEM LUZARDO VIANA, TIPO III, NO MUNICÍPIO DE MARACANAÚ - CE",MARACANAÚ,CEARÁ,BRASIL
12733,"SERVIÇOS DE MANUTENÇÃO PREVENTIVA E ORRETIVA EM PRÉDIOS PÚBLICOS - SOP - SUPERINTENDÊNCIA DE OBRAS PÚBLICAS - MANUTENÇÃO NA SECRETARIA DO DESENVOLVIMENTO AGRÁRIO - SDA, FORTALEZA - CE - 3ª ETAPA",FORTALEZA,CEARÁ,BRASIL
12732,"CONSTRUÇÃO DE UMA ESCOLA DE ENSINO MÉDIO, URBANA, TIPO I, COM 12 (DOZE) SALAS DE AULA, NO MUNICÍPIO DE ACOPIARA - CE",ACOPIARA,CEARÁ,BRASIL
12731,"CONSTRUÇÃO DE UMA ESCOLA DE ENSINO MÉDIO TIPO I (12 SALAS), NO MUNICÍPIO DE PARACURU - CE",PARACURU,CEARÁ,BRASIL
12730,"CONSTRUÇÃO DE UMA UNIDADE INTEGRADA DE SEGURANÇA - UNISEG - NO ÂMBITO DO PROGRAMA INTEGRADO DE PREVENÇÃO E REDUÇÃO DE VIOLÊNCIA DO ESTADO DO CEARÁ, NO MUNICÍPIO DE MARANGUAPE - CE",MARANGUAPE,CEARÁ,BRASIL
12729,"CONSTRUÇÃO DE UMA EEM TIPO I, COM 12 SALAS DE AULA, NO MUNICÍPIO DE PENTECOSTE – CE",PENTECOSTE,CEARÁ,BRASIL
12728,"CONCLUSÃO DA REFORMA DA PENITENCIARIA INDUSTRIAL REGIONAL DO CARIRI - PIRC, EM JUAZEIRO DO NORTE - CE",JUAZEIRO DO NORTE,CEARÁ,BRASIL
12727,"CONSTRUÇÃO DE UMA ESCOLA DE ENSINO MÉDIO URBANA TIPO I (12 SALAS), NO MUNICÍPIO DE ICÓ - CE",ICÓ,CEARÁ,BRASIL
12726,"CONCLUSÃO DA CONSTRUÇÃO DE UMA ESCOLA PROFISSIONALIZANTE NO MUNICÍPIO DE SÃO LUÍS DO CURU - CE.",SÃO LUÍS DO CURU,CEARÁ,BRASIL
12725,"CONCLUSÃO DA OBRA DE CONSTRUÇÃO DO MERCADO MUNICIPAL DE BARBALHA - CE",BARBALHA,CEARÁ,BRASIL
12724,"EXECUÇÃO DOS SERVIÇOS REMANESCENTES DA ACESSIBILIDADE DO COLÉGIO DA POLÍCIA MILITAR GENERAL EDGARD FACÓ – 1ª ETAPA, NO MUNICÍPIO DE FORTALEZA - CE",FORTALEZA,CEARÁ,BRASIL
12723,"CONSTRUÇÃO DE UMA ESCOLA DE ENSINO MÉDIO URBANA TIPO I, COM 16 (DEZESSEIS) SALAS DE AULA, NO MUNICÍPIO DE MASSAPÊ – CE",MASSAPÊ,CEARÁ,BRASIL
12722,"SERVIÇOS DE MANUTENÇÃO PREVENTIVA E CORRETIVA EM PRÉDIOS PÚBLICOS - SOP - SUPERINTENDÊNCIA DE OBRAS PÚBLICAS - MANUTENÇÕES NA UNIDADE PRISIONAL PROFESSOR JOSÉ SOBREIRA - UP SOBREIRA AMORIM, NO MUNICÍPIO DE ITAITINGA - CE",ITAITINGA,CEARÁ,BRASIL
12721,"CONSTRUÇÃO DE UMA ESCOLA DE ENSINO MÉDIO, URBANA, TIPO I, COM 16 (DEZESSEIS) SALAS DE AULA, NO MUNICÍPIO DE ITAREMA - CE",ITAREMA,CEARÁ,BRASIL
12720,"SERVIÇOS DE MANUTENÇÃO PREVENTIVA E CORRETIVA EM PRÉDIOS PÚBLICOS - SOP - SUPERINTENDÊNCIA DE OBRAS PÚBLICAS - MANUTENÇÃO NO CENTRO DRAGÃO DO MAR DE ARTE E CULTURA - CDMAC, NO MUNICÍPIO DE FORTALEZA - CE",FORTALEZA,CEARÁ,BRASIL
12719,"CONSTRUÇÃO DE UMA EEEP – ESCOLA DE ENSINO PROFISSIONALIZANTE (EEM TIPO II 12 SALAS + LABORATÓRIOS), NO MUNICÍPIO DE PACAJUS – CE",PACAJUS,CEARÁ,BRASIL
12718,"CONSTRUÇÃO DE UMA ESCOLA DE ENSINO MÉDIO, URBANA, TIPO II, COM 12 (DOZE) SALAS DE AULA, NO MUNICÍPIO DE JUAZEIRO DO NORTE - CE",JUAZEIRO DO NORTE,CEARÁ,BRASIL
12717,"SERVIÇOS DE MANUTENÇÃO PREVENTIVA E CORRETIVA EM PRÉDIOS PÚBLICOS - SOP - SUPERINTENDÊNCIA DE OBRAS PÚBLICAS - MANUTENÇÃO NA CASA DO ARTESÃO CEARENSE - DIOMAR FREITAS DANTAS, NO MUNICÍPIO DE FORTALEZA - CE",FORTALEZA,CEARÁ,BRASIL
12716,"CONSTRUÇÃO DE UMA UNIDADE INTEGRADA DE SEGURANÇA - UNISEG - NO ÂMBITO DO PROGRAMA INTEGRADO DE PREVENÇÃO E REDUÇÃO DE VIOLÊNCIA DO ESTADO DO CEARÁ, NO MUNICÍPIO DE QUIXADÁ - CE",QUIXADÁ,CEARÁ,BRASIL
12715,"CONSTRUÇÃO DE UMA UNIDADE INTEGRADA DE SEGURANÇA – UNISEG, NO BAIRRO JÓQUEI CLUBE, NO ÂMBITO DO PROGRAMA INTEGRADO DE PREVENÇÃO E REDUÇÃO DE VIOLÊNCIA DO ESTADO DO CEARÁ, NO MUNICÍPIO DE FORTALEZA/CE",FORTALEZA,CEARÁ,BRASIL
12714,"CONSTRUÇÃO DE UMA UNIDADE INTEGRADA DE SEGURANÇA – UNISEG, NO ÂMBITO DO PROGRAMA INTEGRADO DE PREVENÇÃO E REDUÇÃO DE VIOLÊNCIA DO ESTADO DO CEARÁ - EM ITAPIPOCA - CE",ITAPIPOCA,CEARÁ,BRASIL
12713,"SERVIÇOS COMPLEMENTARES PARA CONSTRUÇÃO DA SEDE DA SEMA - SEMACE NO CAMBEBA, EM FORTALEZA - CE",FORTALEZA,CEARÁ,BRASIL
12712,"SERVIÇOS DE MANUTENÇÃO PREVENTIVA E CORRETIVA EM PRÉDIOS PÚBLICOS - SOP - SUPERINTENDÊNCIA DE OBRAS PÚBLICAS - MANUTENÇÃO NA COBERTA DA SECRETARIA DA PESCA E AQUICULTURA (SPA), NO MUNICÍPIO DE FORTALEZA - CE",FORTALEZA,CEARÁ,BRASIL
12711,"SERVIÇOS DE MANUTENÇÃO PREVENTIVA E CORRETIVA EM PRÉDIOS PÚBLICOS - SOP - SUPERINTENDÊNCIA DE OBRAS PÚBLICAS - MANUTENÇÕES NA UNIDADE PRISIONAL REGIONAL, NO MUNICÍPIO DE SOBRAL - CE",SOBRAL,CEARÁ,BRASIL
12710,"SERVIÇOS DE MANUTENÇÃO PREVENTIVA E CORRETIVA EM PRÉDIOS PÚBLICOS - SOP - SUPERINTENDÊNCIA DE OBRAS PÚBLICAS - MANUTENÇÕES NA FACHADA DO HIAS - HOSPITAL INFANTIL ALBERT SABIN, NO MUNICÍPIO DE FORTALEZA - CE",FORTALEZA,CEARÁ,BRASIL
12709,"SERVIÇOS DE MANUTENÇÃO PREVENTIVA E CORRETIVA EM PRÉDIOS PÚBLICOS - SOP - SUPERINTENDÊNCIA DE OBRAS PÚBLICAS - MANUTENÇÃO NO TEATRO JOSÉ DE ALENCAR (TJA), NO MUNICÍPIO DE FORTALEZA- CE",FORTALEZA,CEARÁ,BRASIL
12708,"SERVIÇOS DE MANUTENÇÃO PREVENTIVA E CORRETIVA EM PRÉDIOS PÚBLICOS - SOP - SUPERINTENDÊNCIA DE OBRAS PÚBLICAS - MANUTENÇÃO NA UNIDADE PRISIONAL AGENTE PENITENCIÁRIO LUCIANO ANDRADE LIMA - UP, NO MUNICÍPIO DE ITAITINGA - CE",ITAITINGA,CEARÁ,BRASIL
12707,"CONSTRUÇÃO DE UMA ESCOLA DE ENSINO MÉDIO, URBANA, TIPO II, COM 12 (DOZE) SALAS DE AULA, NO CORPO DE BOMBEIROS MILITAR, EM FORTALEZA - CE",FORTALEZA,CEARÁ,BRASIL
12706,"SERVIÇOS DE MANUTENÇÃO PREVENTIVA E CORRETIVA EM PRÉDIOS PÚBLICOS - SOP - SUPERINTENDÊNCIA DE OBRAS PÚBLICAS - MANUTENÇÃO NA UNIDADE PRISIONAL, NO MUNICÍPIO DE AQUIRAZ- CE",AQUIRAZ,CEARÁ,BRASIL
12705,"CONSTRUÇÃO DE UMA ESCOLA DE ENSINO MÉDIO URBANA TIPO I (06 SALAS), NO MUNICÍPIO DE GUAIUBA - CE",GUAIÚBA,CEARÁ,BRASIL
12704,"CONSTRUÇÃO DE UMA ESCOLA DE ENSINO MÉDIO, URBANA, TIPO II, COM 16 (DEZESSEIS) SALAS, NO BAIRRO LAGOA SECA III, JUAZEIRO DO NORTE - CE",JUAZEIRO DO NORTE,CEARÁ,BRASIL
12703,"CONSTRUÇÃO DE UMA ESCOLA DE ENSINO MÉDIO URBANA TIPO I (12 SALAS), (SEDE), NO MUNICÍPIO DE MULUNGU – CE",MULUNGU,CEARÁ,BRASIL
12702,"CONSTRUÇÃO DE UMA ESCOLA DE ENSINO MÉDIO TIPO II (16 SALAS), NO MUNICÍPIO DE QUIXADÁ - CE",QUIXADÁ,CEARÁ,BRASIL
12701,"CONSTRUÇÃO DE UMA ESCOLA DE ENSINO MÉDIO, URBANA, TIPO I, COM 12 (DOZE) SALAS DE AULA, NO MUNICÍPIO DE TAUÁ - CE",TAUÁ,CEARÁ,BRASIL
12700,"CONSTRUÇÃO DE UMA ESCOLA DE ENSINO MÉDIO URBANO, TIPO II, COM 12 SALAS DE AULA, NO MUNICÍPIO DE BATURITÉ - CE",BATURITÉ,CEARÁ,BRASIL
12699,"CONCLUSÃO DA CONSTRUÇÃO DA QUADRA COBERTA COM VESTIÁRIO NA EEFM VICENTE RIBEIRO DO AMARAL, NO MUNICÍPIO DE MONSENHOR TABOSA - CE",MONSENHOR TABOSA,CEARÁ,BRASIL
12698,"SERVIÇOS DE MANUTENÇÃO PREVENTIVA E CORRETIVA EM PRÉDIOS PÚBLICOS - SOP - SUPERINTENDÊNCIA DE OBRAS PÚBLICAS - MANUTENÇÃO NA UNIDADE PRISIONAL DE FEMININA DESEMBARGADORA AURI COSTA (UPF), NO MUNICÍPIO DE FORTALEZA - CE",FORTALEZA,CEARÁ,BRASIL
12697,"SERVIÇOS DE MANUTENÇÃO PREVENTIVA E CORRETIVA EM PRÉDIOS PÚBLICOS - SOP - SUPERINTENDÊNCIA DE OBRAS PÚBLICAS - MANUTENÇÃO NA UNIDADE PRISIONAL DE TRIAGEM E OBSERVAÇÃO CRIMINOLÓGICA - UPTOC, NO MUNICÍPIO DE AQUIRAZ- CE",AQUIRAZ,CEARÁ,BRASIL
12696,"SERVIÇOS DE MANUTENÇÃO PREVENTIVA E CORRETIVA EM PRÉDIOS PÚBLICOS - SOP - SUPERINTENDÊNCIA DE OBRAS PÚBLICAS - PARA ATENDER AS NECESSIDADES DA SECRETARIE DE PROTEÇÃO SOCIAL - SPS, MANUTENÇÃO NA RESIDÊNCIA INCLUSIVA V, NO MUNICÍPIO DE FORTALEZA - CE.",FORTALEZA,CEARÁ,BRASIL
12695,"SERVIÇOS DE MANUTENÇÃO PREVENTIVA E CORRETIVA EM PRÉDIOS PÚBLICOS - SOP - SUPERINTENDÊNCIA DE OBRAS PÚBLICAS - MANUTENÇÃO NO MURO E COBERTA METÁLICA DA PGE, NO MUNICÍPIO DE FORTALEZA - CE.",FORTALEZA,CEARÁ,BRASIL
12694,"SERVIÇOS DE MANUTENÇÃO PREVENTIVA E CORRETIVA EM PRÉDIOS PÚBLICOS - SOP - SUPERINTENDÊNCIA DE OBRAS PÚBLICAS - MANUTENÇÕES NONO PRÉDIO DA SEDE 3ªCIPM/PMCE - BREJO SANTOS - CE",BREJO SANTO,CEARÁ,BRASIL
12693,"SERVIÇOS DE MANUTENÇÃO PREVENTIVA E CORRETIVA EM PRÉDIOS PÚBLICOS - SOP - SUPERINTENDÊNCIA DE OBRAS PÚBLICAS - MANUTENÇÕES NO PRÉDIO DA CEASA, NO MUNICÍPIO DE TIANGUÁ- CE",TIANGUÁ,CEARÁ,BRASIL
12692,"SERVIÇOS DE MANUTENÇÃO PREVENTIVA E CORRETIVA EM PRÉDIOS PÚBLICOS - SOP - SUPERINTENDÊNCIA DE OBRAS PÚBLICAS - MANUTENÇÃO NA BIBLIOTECA DO CENTRO DE HUMANIDADES DA UNIVERSIDADE ESTADUAL DO CEARÁ - UECE, NO MUNICÍPIO DE FORTALEZA - CE",FORTALEZA,CEARÁ,BRASIL
12691,"SERVIÇOS DE MANUTENÇÃO PREVENTIVA E CORRETIVA EM PRÉDIOS PÚBLICOS - SOP - SUPERINTENDÊNCIA DE OBRAS PÚBLICAS - MANUTENÇÃO NA SECRETARIA DE DIREITOS HUMANOS - SEDIH, SITUADO NA RUA: ASSUNÇÃO, Nº1100, CENTRO, NO MUNICÍPIO DE FORTALEZA - CE",FORTALEZA,CEARÁ,BRASIL
12690,"CONSTRUÇÃO DE UMA ESCOLA DE ENSINO MÉDIO URBANA TIPO I (10 SALAS), EM CACIMBA FUNDA, NO MUNICÍPIO DE ARACATI - CE",ARACATI,CEARÁ,BRASIL
12689,"CONSTRUÇÃO DE UMA EEM TIPO I, COM 08 SALAS DE AULA, EM CACHOEIRA, MUNICÍPIO DE ITATIRA – CE",ITATIRA,CEARÁ,BRASIL
12688,"CONSTRUÇÃO DE UMA ESCOLA QUILOMBOLA (06 SALAS), CROATÁ, NO MUNICÍPIO DE QUITERIANÓPOLIS - CE",QUITERIANÓPOLIS,CEARÁ,BRASIL
12687,"CONSTRUÇÃO DE UMA ESCOLA DE ENSINO PROFISSIONALIZANTE - EEEP, PADRÃO, NO MUNICÍPIO DE MOMBAÇA - CE",MOMBAÇA,CEARÁ,BRASIL
12686,"CONSTRUÇÃO DE UMA ESCOLA DE ENSINO MÉDIO, TIPO I, COM 12 (DOZE) SALAS, NO MUNICÍPIO DE PACATUBA – CE",PACATUBA,CEARÁ,BRASIL
12685,"CONSTRUÇÃO DE UMA ESCOLA DE ENSINO MÉDIO, URBANA, TIPO II, COM 16 (DEZESSEIS) SALAS DE AULA, NO MUNICÍPIO DE EUSÉBIO - CE",EUSÉBIO,CEARÁ,BRASIL
12684,"SERVIÇOS DE MANUTENÇÃO PREVENTIVA E CORRETIVA EM PRÉDIOS PÚBLICOS - SOP - SUPERINTENDÊNCIA DE OBRAS PÚBLICAS - MANUTENÇÃO NO HOSPITAL E MATERNIDADE JOSÉ MARTINIANO DE ALENCAR PMCE, NO MUNICÍPIO DE FORTALEZA - CE",FORTALEZA,CEARÁ,BRASIL
12683,"CONSTRUÇÃO DE 30 (TRINTA) ARENINHAS TIPO II, NA REGIÃO METROPOLITANA DE FORTALEZA - CONJUNTO ARATURI - AVENIDA CENTRAL LESTE, NO MUNICÍPIO DE CAUCAIA - CE",CAUCAIA,CEARÁ,BRASIL
12682,"CONSTRUÇÃO DE 30 (TRINTA) ARENINHAS TIPO II, NA REGIÃO METROPOLITANA DE FORTALEZA -CONJUNTO METROPOLITANO - RUA JOSÉ BEZERRA SOBRINHO COM RUA MAESTRO OSÍRIS DO NORDESTE, NO MUNICÍPIO DE CAUCAIA - CE",CAUCAIA,CEARÁ,BRASIL
12681,"SERVIÇOS DE MANUTENÇÃO PREVENTIVA E CORRETIVA EM PRÉDIOS PÚBLICOS - SOP - SUPERINTENDÊNCIA DE OBRAS PÚBLICAS - MANUTENÇÕES NAS SALAS DO 2ª ANDAR DO ANEXO DA CASA CIVIL, SALAS DA PUBLICIDADE E EVENTOS SE COORDENADORIA FINANCEIRA, E BANHEIROS DO ESTACIONAMENTO SUBSOLO DO ANEXO DA CASA CIVIL E CALÇADA DE CIRCULAÇÃO, NO MUNICÍPIO DE FORTALEZA - CE",FORTALEZA,CEARÁ,BRASIL
12680,"CONSTRUÇÃO DE UM CENTRO DE EDUCAÇÃO INFANTIL - CEI, NO MUNICÍPIO DE CRATO - CE",CRATO,CEARÁ,BRASIL
12679,"SERVIÇOS DE MANUTENÇÃO PREVENTIVA, CORRETIVA E REFORMA EM PRÉDIOS PÚBLICOS - SEDUC - SECRETARIA DA EDUCAÇÃO - MANUTENÇÃO COLÉGIO ESTADUAL LICEU DO CEARÁ, NO MUNICÍPIO DE FORTALEZA - CE",FORTALEZA,CEARÁ,BRASIL
12678,"EXECUÇÃO DE 01 (UMA) BRINQUEDOPRAÇAS NA REGIÃO DO MACIÇO DE BATURITÉ, COM ÁREA ÚTIL DE 250M², DEMOLIÇÃO, INSTALAÇÃO E MONTAGEM DE BRINQUEDOS NO ESTADO DO CEARÁ, NA PRAÇA DA ESTAÇÃO FERROVIÁRIA, SITUADA NA RUA CEL. RIBEIRO MONTENEGRO, S/N, BAIRRO PUTIÚ, NO MUNICÍPIO DE BATURITÉ - CE",BATURITÉ,CEARÁ,BRASIL
12677,"SERVIÇOS DE MANUTENÇÃO PREVENTIVA E CORRETIVA EM PRÉDIOS PÚBLICOS - SOP - SUPERINTENDÊNCIA DE OBRAS PÚBLICAS - MANUTENÇÃO NO CENTRO DE PROFISSIONALIZAÇÃO INCLUSIVA PARA PESSOAS COM DEFICIÊNCIA - CEPID, NO MUNICÍPIO DE FORTALEZA - CE",FORTALEZA,CEARÁ,BRASIL
12676,"CONSTRUÇÃO DE UM CENTRO DE EDUCAÇÃO INFANTIL – CEI, NO MUNICÍPIO DE CROATÁ - CE",CROATÁ,CEARÁ,BRASIL
12675,"SERVIÇOS DE MANUTENÇÃO PREVENTIVA E CORRETIVA EM PRÉDIOS PÚBLICOS - SOP - SUPERINTENDÊNCIA DE OBRAS PÚBLICAS - MANUTENÇÃO NO CENTRO COMUNITÁRIO SANTA TEREZINHA, SITUADO RUA: OSMUNDO CAVALCANTE DE OLIVEIRA, S/Nº, CONJUNTO SANTA TEREZINHA, NO MUNICÍPIO DE FORTALEZA - CE",FORTALEZA,CEARÁ,BRASIL
12674,"SERVIÇOS DE MANUTENÇÃO PREVENTIVA E CORRETIVA EM PRÉDIOS PÚBLICOS - SOP - SUPERINTENDÊNCIA DE OBRAS PÚBLICAS - MANUTENÇÃO NAS INSTALAÇÕES ELÉTRICAS LOCALIZADAS NA PRODAT/PROFIS, CTI E SUCESSÕES/PRODAT DA PROCURADORIA GERAL DO ESTADO - PGE - MUNICÍPIO DE FORTALEZA - CE.",FORTALEZA,CEARÁ,BRASIL
12673,"SERVIÇOS DE MANUTENÇÃO PREVENTIVA E CORRETIVA EM PRÉDIOS PÚBLICOS - FUNTELC - FUNDAÇÃO DE TELEDUCAÇÃO DO ESTADO DO CEARÁ - MANUTENÇÃO DOS ESTÚDIOS DA TVC RÁDIO FM E OUTROS AMBIENTES, NO MUNICÍPIO DE FORTALEZA - CE",FORTALEZA,CEARÁ,BRASIL
12672,"CONSTRUÇÃO DE UMA ESCOLA DE ENSINO MÉDIO, RURAL, TIPO I, COM 12 (DOZE) SALAS DE AULA, DO DISTRITO DE PONTA DA SERRA, MUNICÍPIO DE CRATO - CE",CRATO,CEARÁ,BRASIL
12671,"CONSTRUÇÃO DE UMA ESCOLA DE ENSINO MÉDIO, URBANA, TIPO I, COM 12 (DOZE) SALAS DE AULA, NO MUNICÍPIO DE PORANGA - CE",PORANGA,CEARÁ,BRASIL
12670,"SERVIÇOS DE MANUTENÇÃO PREVENTIVA E CORRETIVA EM PRÉDIOS PÚBLICOS - SOP - SUPERINTENDÊNCIA DE OBRAS PÚBLICAS - MANUTENÇÃO NA UNIDADE PRISIONAL DESEMBARGADOR FRANCISCO ADALBERTO BARROS LEAL (UP CAUCAIA), LOCALIZADO DA BR 020, KM 03, ESTRADA DO CARRAPICHO, S/Nº, NO MUNICÍPIO DE CAUCAIA - CE",CAUCAIA,CEARÁ,BRASIL
12669,"PARQUINHO INFANTIL (BRINQUEDOPRAÇAS) COM BRINQUEDOS, REGIÃO DA GRANDE FORTALEZA - NO ESTADO DO CEARÁ, NA ÁREA COMPREENDIDA NO VIADUTO DA BR-116, NA PROXIMIDADE DA BASE AÉREA, NO MUNICÍPIO DE FORTALEZA - CE",FORTALEZA,CEARÁ,BRASIL
12668,"SERVIÇOS DE MANUTENÇÃO PREVENTIVA E CORRETIVA EM PRÉDIOS PÚBLICOS - SOP - SUPERINTENDÊNCIA DE OBRAS PÚBLICAS - MANUTENÇÃO DO HOSPITAL DE SAÚDE MENTAL PROFESSO FROTA PINTO - HSM, NO MUNICÍPIO DE FORTALEZA - CE",FORTALEZA,CEARÁ,BRASIL
12667,"CONCLUSÃO DA CONSTRUÇÃO E SERVIÇOS COMPLEMENTARES DA ESCOLA DE ENSINO PROFISSIONALIZANTE - EEEP, NO MUNICÍPIO DE PARAÍPABA - CE",PARAIPABA,CEARÁ,BRASIL
12666,"IMPLANTAÇÃO DE SUBESTAÇÃO AÉREA DE 112,5KVA NO BATALHÃO DA PMCE, NO MUNICÍPIO DE HORIZONTE – CE",HORIZONTE,CEARÁ,BRASIL
12665,"CONCLUSÃO COM SERVIÇOS COMPLEMENTARES DA CONSTRUÇÃO DOS NÚCLEOS DE AÇÃO PELA PAZ (NAPAZ) – NO BAIRRO GRANJA LISBOA, NO MUNICÍPIO DE FORTALEZA – CE",FORTALEZA,CEARÁ,BRASIL
12664,"CONCLUSÃO COM SERVIÇOS COMPLEMENTARES DA CONSTRUÇÃO DOS NÚCLEOS DE AÇÃO PELA PAZ (NAPAZ) – NO BAIRRO CURIÓ, NO MUNICÍPIO DE FORTALEZA – CE",FORTALEZA,CEARÁ,BRASIL
12662,"CONSTRUÇÃO DE UMA EEM TIPO I, COM 12 SALAS DE AULA, NO MUNICÍPIO DE SÃO GONÇALO DO AMARANTE - CE",SÃO GONÇALO DO AMARANTE,CEARÁ,BRASIL
12661,"SERVIÇOS DE MANUTENÇÃO PREVENTIVA E CORRETIVA EM PRÉDIOS PÚBLICOS - CCIVIL - CASA CIVIL - PROJETO SALA LILÁS, NO MUNICÍPIO DE PARAMBU - CE",PARAMBU,CEARÁ,BRASIL
12660,"CONCLUSÃO DA CONSTRUÇÃO E SERVIÇOS COMPLEMENTARES DA ESCOLA DE ENSINO PROFISSIONALIZANTE - EEEP, NO MUNICÍPIO DE PARAÍPABA - CE",PARAIPABA,CEARÁ,BRASIL
12659,"SERVIÇOS DE MANUTENÇÃO PREVENTIVA E CORRETIVA EM PRÉDIOS PÚBLICOS - SOP - SUPERINTENDÊNCIA DE OBRAS PÚBLICAS - MANUTENÇÃO NO PARQUE BOTÂNICO ESTADUAL DO CEARÁ",CAUCAIA,CEARÁ,BRASIL
12658,"CONSTRUÇÃO DE UMA EEM TIPO I, COM 8 SALAS DE AULA, NO DISTRITO DE CHICO MENDES, MUNICÍPIO DE ICÓ - CE",ICÓ,CEARÁ,BRASIL
12657,"SERVIÇOS DE MANUTENÇÃO PREVENTIVA E CORRETIVA EM PRÉDIOS PÚBLICOS - SOP - SUPERINTENDÊNCIA DE OBRAS PÚBLICAS - MANUTENÇÃO ZONA VIVA DE CULTURA, TECNOLOGIA E QUALIFICAÇÃO JOSÉ EUCLIDES - JANGURUSSU, NO MUNICÍPIO DE FORTALEZA - CE",FORTALEZA,CEARÁ,BRASIL
12656,"COBERTURAS EM ESTRUTURA METÁLICA PARA OS PÁTIOS DE BANHO DE SOL DA UPECT E REFORMA DA UNIDADE, NO MUNICÍPIO DE HORIZONTE",HORIZONTE,CEARÁ,BRASIL
12655,"CONSTRUÇÃO DE UMA ESCOLA DE ENSINO MÉDIO, URBANA, TIPO I, COM 12 (DOZE) SALAS DE AULA, NO MUNICÍPIO DE BOA VIAGEM - CE",BOA VIAGEM,CEARÁ,BRASIL
12653,"SERVIÇOS DE MANUTENÇÃO PREVENTIVA E CORRETIVA EM PRÉDIOS PÚBLICOS - SOP - SUPERINTENDÊNCIA DE OBRAS PÚBLICAS - MANUTENÇÕES NA SEDE DA SECRETARIA DA ADMINISTRAÇÃO PENITENCIARIA E RESSOCIALIZAÇÃO - SAP, NO MUNICÍPIO DE FORTALEZA - CE",FORTALEZA,CEARÁ,BRASIL
12652,"CONSTRUÇÃO DE UMA ESCOLA DE ENSINO MÉDIO, URBANA, TIPO I, COM 16 (DEZESSEIS) SALAS, NO MUNICÍPIO DE TIANGUÁ - CE",TIANGUÁ,CEARÁ,BRASIL
12651,"CONSTRUÇÃO DE UMA EEM TIPO I, COM 12 SALAS DE AULA, NO MUNICÍPIO DE SANTA QUITÉRIA – CE",SANTA QUITÉRIA,CEARÁ,BRASIL
12650,"CONSTRUÇÃO DE UMA EEM TIPO I, COM 06 SALAS DE AULA, ASSENTAMENTO TORTA, NO MUNICÍPIO DE CAMOCIM - CE",CAMOCIM,CEARÁ,BRASIL
12649,"CONSTRUÇÃO DE UMA ESCOLA DE ENSINO MÉDIO, RURAL, TIPO I, COM 08 (OITO) SALAS, NO MUNICÍPIO DE TURURU - CE",TURURU,CEARÁ,BRASIL
12648,"CONSTRUÇÃO DE UMA ESCOLA DE ENSINO MÉDIO URBANO, TIPO II, COM 12 SALAS DE AULA, NO MUNICÍPIO DE IGUATU - CE",IGUATU,CEARÁ,BRASIL
12647,"CONSTRUÇÃO DE UMA EEM TIPO I, COM 12 SALAS DE AULA, NO MUNICÍPIO DE PACATUBA – CE",PACATUBA,CEARÁ,BRASIL
12646,"CONSTRUÇÃO DE UMA EEM TIPO I COM 12 SALAS DE AULA, (PAJUÇARA), NO MUNICÍPIO DE MARACANAÚ - CE.",MARACANAÚ,CEARÁ,BRASIL
12645,"SERVIÇOS DE MANUTENÇÃO PREVENTIVA E CORRETIVA EM PRÉDIOS PÚBLICOS - SOP - SUPERINTENDÊNCIA DE OBRAS PÚBLICAS - MANUTENÇÕES PARA IMPLEMENTAÇÃO DO PROJETO SALA LILÁS, NO PROGRAMA INTEGRADO DE PREVENÇÃO E REDUÇÃO DE VIOLÊNCIA, NO MUNICÍPIO DE VÁRZEA ALEGRE- CE",VÁRZEA ALEGRE,CEARÁ,BRASIL
12644,"SERVIÇOS DE MANUTENÇÃO PREVENTIVA E CORRETIVA EM PRÉDIOS PÚBLICOS - SOP - SUPERINTENDÊNCIA DE OBRAS PÚBLICAS - MANUTENÇÕES PARA IMPLEMENTAÇÃO DO PROJETO SALA LILÁS, NO PROGRAMA INTEGRADO DE PREVENÇÃO E REDUÇÃO DE VIOLÊNCIA, NO MUNICÍPIO DE ARACOIABA - CE",ARACOIABA,CEARÁ,BRASIL
12643,"CONSTRUÇÃO DE UMA EEM TIPO I, COM 12 SALAS DE AULA, NO MUNICÍPIO DE JAGUARUANA – CE",JAGUARUANA,CEARÁ,BRASIL
12642,"CONSTRUÇÃO DE UMA ESCOLA DE ENSINO MÉDIO RURAL TIPO I (06 SALAS), (BITUPITÁ) NO MUNICÍPIO DE BARROQUINHA - CE",BARROQUINHA,CEARÁ,BRASIL
12641,"CONSTRUÇÃO DE UMA EEM TIPO I, COM 08 SALAS DE AULA, EM CARVOEIRO, MUNICÍPIO DE ITAREMA – CE",ITAREMA,CEARÁ,BRASIL
12640,"CONSTRUÇÃO DE UMA EEM TIPO I, COM 12 SALAS DE AULA, NO MUNICÍPIO DE BARBALHA – CE",BARBALHA,CEARÁ,BRASIL
12639,"CONSTRUÇÃO DE UMA EEM TIPO I COM 16 SALAS DE AULAS, NO MUNICÍPIO DE JIJOCA DE JERICOACOARA - CE.",JIJOCA DE JERICOACOARA,CEARÁ,BRASIL
12638,"CONSTRUÇÃO DE UMA ESCOLA DE ENSINO MÉDIO TIPO I (16 SALAS), NO MUNICÍPIO DE BREJO SANTO - CE",BREJO SANTO,CEARÁ,BRASIL
12637,"CONSTRUÇÃO DE UMA ESCOLA DE ENSINO PROFISSIONALIZANTE (12 SALAS) NO MUNICÍPIO DE URUOCA - CE",URUOCA,CEARÁ,BRASIL
12636,"CONSTRUÇÃO DE UMA ESCOLA DE ENSINO PROFISSIONALIZANTE (EEEP 12 SALAS) NO MUNICÍPIO DE QUITERIANÓPOLIS - CE",QUITERIANÓPOLIS,CEARÁ,BRASIL
12634,"SERVIÇOS DE MANUTENÇÃO CORRETIVA E PREVENTIVA EM PRÉDIOS PÚBLICOS - SOP - MANUTENÇÕES INTERNAS NA SUPERINTENDÊNCIA DE OBRAS PÚBLICAS (CORREDOR DO ELEVADOR, ALVENARIA E REFORÇO DO ESTACIONAMENTO, EXAUSTORES E DIVISÓRIAS), NO MUNICÍPIO DE FORTALEZA - CE",FORTALEZA,CEARÁ,BRASIL
12632,"SERVIÇOS DE MANUTENÇÃO PREVENTIVA E CORRETIVA EM PRÉDIOS PÚBLICOS - SOP - SUPERINTENDÊNCIA DE OBRAS PÚBLICAS - MANUTENÇÕES NA ESTAÇÃO DO CUIDADO - PROJETO ACREDITE NO MUNICÍPIO DE FORTALEZA - CE",FORTALEZA,CEARÁ,BRASIL
12631,"SERVIÇOS DE MANUTENÇÃO PREVENTIVA E CORRETIVA EM PRÉDIOS PÚBLICOS - SOP - SUPERINTENDÊNCIA DE OBRAS PÚBLICAS - MANUTENÇÕES NO COMPLEXO MAIS INFÂNCIA PADRE CAETANO - CRISTO REDENTOR NO MUNICÍPIO DE FORTALEZA - CE",FORTALEZA,CEARÁ,BRASIL
12630,"SERVIÇOS DE MANUTENÇÃO PREVENTIVA E CORRETIVA EM PRÉDIOS PÚBLICOS - SOP - SUPERINTENDÊNCIA DE OBRAS PÚBLICAS - MANUTENÇÕES NA ARENINHA DO CASTELÃO NO MUNICÍPIO DE FORTALEZA - CE",FORTALEZA,CEARÁ,BRASIL
12629,"CONCLUSÃO DA CONSTRUÇÃO DA PRAÇA DA JUVENTUDE NO MUNICÍPIO DE JAGUARIBE - CE",JAGUARIBE,CEARÁ,BRASIL
12628,"SERVIÇOS DE MANUTENÇÃO PREVENTIVA E CORRETIVA EM PRÉDIOS PÚBLICOS - SOP - SUPERINTENDÊNCIA DE OBRAS PÚBLICAS - MANUTENÇÕES NO PRÉDIO DO DISTRITO OPERACIONAL DE ITAPIPOCA - CE",ITAPIPOCA,CEARÁ,BRASIL
12627,"CONSTRUÇÃO DE UMA EEM TIPO I, COM 12 SALAS DE AULA, NO MUNICÍPIO DE MUCAMBO – CE",MUCAMBO,CEARÁ,BRASIL
12626,"SERVIÇOS DE MANUTENÇÃO PREVENTIVA E CORRETIVA EM PRÉDIOS PÚBLICOS - SOP - SUPERINTENDÊNCIA DE OBRAS PÚBLICAS - MANUTENÇÕES PARA IMPLEMENTAÇÃO DO PROJETO SALA LILÁS, NO PROGRAMA INTEGRADO DE PREVENÇÃO E REDUÇÃO DE VIOLÊNCIA, NO MUNICÍPIO DE JIJOCA DE JERICOACOARA - CE",JIJOCA DE JERICOACOARA,CEARÁ,BRASIL
12625,"CONSTRUÇÃO DE UM CENTRO DE EDUCAÇÃO INFANTIL - CEI, PADRÃO, COM 04 SALAS DE AULA, NO MUNICIPIO DE GRANJA",GRANJA,CEARÁ,BRASIL
12624,"CONCLUSÃO DO CENTRO DE EDUCAÇÃO INFANTIL - CEI, NO MUNICÍPIO DE FORQUILHA - CE",FORQUILHA,CEARÁ,BRASIL
12623,"CONSTRUÇÃO DE UMA EEM TIPO I, COM 12 SALAS DE AULA, NO MUNICÍPIO DE IPAPORANGA",IPAPORANGA,CEARÁ,BRASIL
12622,"SERVIÇOS DE MANUTENÇÃO PREVENTIVA E CORRETIVA EM PRÉDIOS PÚBLICOS - SOP - SUPERINTENDÊNCIA DE OBRAS PÚBLICAS - MANUTENÇÕES NO CAMPUS EXPERIMENTAL DE EDUCAÇÃO AMBIENTAL E ECOLOGIA DA UNIVERSIDADE ESTADUAL DO CEARÁ - UECE, NO MUNICÍPIO DE PACOTI - CE",PACOTI,CEARÁ,BRASIL
12621,"SERVIÇOS DE MANUTENÇÃO PREVENTIVA E CORRETIVA EM PRÉDIOS PÚBLICOS - SOP - SUPERINTENDÊNCIA DE OBRAS PÚBLICAS - MANUTENÇÕES NA EEEP PADRE JOÃO BOSCO DE LIMA, NO MUNICÍPIO DE MAURITI- CE",MAURITI,CEARÁ,BRASIL
12620,"SERVIÇOS DE MANUTENÇÃO PREVENTIVA E CORRETIVA EM PRÉDIOS PÚBLICOS - SEM - SECRETARIA DAS MULHERES - MANUTENÇÃO NO ALMOXARIFADO SEM, NO ESTACIONAMENTO DO CASTELÃO, NO MUNICÍPIO DE FORTALEZA - CE.",FORTALEZA,CEARÁ,BRASIL
12619,"SERVIÇOS DE MANUTENÇÃO PREVENTIVA E CORRETIVA EM PRÉDIOS PÚBLICOS - SOP - SUPERINTENDÊNCIA DE OBRAS PÚBLICAS - MANUTENÇÕES NA EEEP SANDRA CARVALHO COSTA, NO MUNICÍPIO DE JIJOCA - CE",JIJOCA DE JERICOACOARA,CEARÁ,BRASIL
12618,"SERVIÇOS DE MANUTENÇÃO PREVENTIVA E CORRETIVA EM PRÉDIOS PÚBLICOS - SOP - SUPERINTENDÊNCIA DE OBRAS PÚBLICAS - MANUTENÇÕES NA UNIDADE PRISIONAL MASCULINA, NO MUNICÍPIO DE JUAZEIRO DO NORTE- CE",JUAZEIRO DO NORTE,CEARÁ,BRASIL
12617,"SERVIÇOS DE MANUTENÇÃO PREVENTIVA E CORRETIVA EM PRÉDIOS PÚBLICOS - SOP - SUPERINTENDÊNCIA DE OBRAS PÚBLICAS - MANUTENÇÕES NO 2º BATALHÃO DE POLICIA MILITAR, NO MUNICÍPIO DE JUAZEIRO DO NORTE - CE",JUAZEIRO DO NORTE,CEARÁ,BRASIL
12616,"SERVIÇOS DE MANUTENÇÃO PREVENTIVA E CORRETIVA EM PRÉDIOS PÚBLICOS - SOP - SUPERINTENDÊNCIA DE OBRAS PÚBLICAS - MANUTENÇÕES NO PRÉDIO DA 2ª COMPANHIA DO 5ª BATALHÃO DE BOMBEIROS MILITAR (2ªCIA?5ªBBM), NO MUNICÍPIO DE CRATO- CE",CRATO,CEARÁ,BRASIL
12615,"SERVIÇOS DE MANUTENÇÃO PREVENTIVA E CORRETIVA EM PRÉDIOS PÚBLICOS - SOP - SUPERINTENDÊNCIA DE OBRAS PÚBLICAS - MANUTENÇÕES NA COORDENADORIA DA ÁREA DESCENTRALIZADA DE SAÚDE - COADS, NO MUNICÍPIO DE CRATO- CE",CRATO,CEARÁ,BRASIL
12614,"SERVIÇOS DE MANUTENÇÃO PREVENTIVA E CORRETIVA EM PRÉDIOS PÚBLICOS - SOP - SUPERINTENDÊNCIA DE OBRAS PÚBLICAS - MANUTENÇÕES NO PRÉDIO DA EEEP PROF. EMMANUEL OLIVEIRA DE ARRUDA COELHO NO MUNICÍPIO DE GRANJA - CE",GRANJA,CEARÁ,BRASIL
12613,"SERVIÇOS DE MANUTENÇÃO PREVENTIVA E CORRETIVA EM PRÉDIOS PÚBLICOS - SOP - SUPERINTENDÊNCIA DE OBRAS PÚBLICAS - MANUTENÇÕES NA BASE DO RAIO DA POLICIA MILITAR NO MUNICÍPIO DE MILAGRES - CE",MILAGRES,CEARÁ,BRASIL
12609,"SERVIÇOS DE MANUTENÇÃO PREVENTIVA E CORRETIVA EM PRÉDIOS PÚBLICOS - SOP - SUPERINTENDÊNCIA DE OBRAS PÚBLICAS - MANUTENÇÕES NO CPRAIO NO MUNICÍPIO DE INDEPENDÊNCIA - CE",INDEPENDÊNCIA,CEARÁ,BRASIL
12607,"SERVIÇOS DE MANUTENÇÃO PREVENTIVA E CORRETIVA EM PRÉDIOS PÚBLICOS - SOP - SUPERINTENDÊNCIA DE OBRAS PÚBLICAS - MANUTENÇÕES NA 1ªCIF/BCIF, NO MUNICÍPIO DE QUIXADÁ- CE",QUIXADÁ,CEARÁ,BRASIL
12606,"SERVIÇOS DE MANUTENÇÃO PREVENTIVA E CORRETIVA EM PRÉDIOS PÚBLICOS - SOP - SUPERINTENDÊNCIA DE OBRAS PÚBLICAS - MANUTENÇÕES NO BATALHÃO DE POLÍCIA DO RAIO NO MUNICÍPIO DE CHOROZINHO - CE",CHOROZINHO,CEARÁ,BRASIL
12605,"SERVIÇOS DE MANUTENÇÃO PREVENTIVA E CORRETIVA EM PRÉDIOS PÚBLICOS - SOP - SUPERINTENDÊNCIA DE OBRAS PÚBLICAS - MANUTENÇÕES NA BASE DO RAIO NO MUNICÍPIO DE ARACOIABA - CE",ARACOIABA,CEARÁ,BRASIL
12604,"SERVIÇOS DE MANUTENÇÃO PREVENTIVA E CORRETIVA EM PRÉDIOS PÚBLICOS - SOP - SUPERINTENDÊNCIA DE OBRAS PÚBLICAS - MANUTENÇÕES NA CONTROLADORIA GERAL DE DISCIPLINA, ONDE FUNCIONARÁ A CÉLULA REGIONAL DE DISCIPLINA DO SERTÃO CENTRAL - CERSEC/CGD, NO MUNICÍPIO DE QUIXADÁ - CE",QUIXADÁ,CEARÁ,BRASIL
12603,"CONSTRUÇÃO DO TERMINAL RODOVIÁRIO NO MUNICÍPIO DE HORIZONTE",HORIZONTE,CEARÁ,BRASIL
12602,"SERVIÇOS DE MANUTENÇÃO PREVENTIVA E CORRETIVA EM PRÉDIOS PÚBLICOS - SOP - SUPERINTENDÊNCIA DE OBRAS PÚBLICAS - MANUTENÇÕES NO BATALHÃO DO RAIO E POLICIA MILITAR NO MUNICÍPIO DE ITAPAJÉ - CE",ITAPAJÉ,CEARÁ,BRASIL
12601,"SERVIÇOS DE MANUTENÇÃO PREVENTIVA E CORRETIVA EM PRÉDIOS PÚBLICOS - SOP - SUPERINTENDÊNCIA DE OBRAS PÚBLICAS - MANUTENÇÕES NA BASE DO RAIO NO MUNICÍPIO DE REDENÇÃO - CE",REDENÇÃO,CEARÁ,BRASIL
12600,"SERVIÇOS DE MANUTENÇÃO PREVENTIVA E CORRETIVA EM PRÉDIOS PÚBLICOS - SOP - SUPERINTENDÊNCIA DE OBRAS PÚBLICAS - MANUTENÇÕES NO BATALHÃO DO RAIO NO MUNICÍPIO DE CRUZ - CE",CRUZ,CEARÁ,BRASIL
12599,"CONCLUSÃO DA CONSTRUÇÃO DO CENTRO DE EDUCAÇÃO INFANTIL - CEI - NO MUNICÍPIO DE RERIUTABA - CE",RERIUTABA,CEARÁ,BRASIL
12598,"CONSTRUÇÃO DA EEM TIPO II + LABORATÓRIO, COM (12 SALAS DE AULA), NO MUNICÍPIO DE ORÓS – CE",ORÓS,CEARÁ,BRASIL
12597,"CONSTRUÇÃO DE UMA ESCOLA ESTADUAL DE ENSINO PROFISSIONAL – EEEP NO MUNICÍPIO DE IRAUÇUBA – CE",IRAUÇUBA,CEARÁ,BRASIL
12596,"CONSTRUÇÃO DE UMA EEM TIPO I, COM 08 SALAS DE AULA, MUNICÍPIO DE VIÇOSA - CE",VIÇOSA DO CEARÁ,CEARÁ,BRASIL
12595,"CONSTRUÇÃO DE UMA ESCOLA DE ENSINO MÉDIO TIPO I, COM 12 SALAS DE AULA NO MUNICÍPIO DE NOVA RUSSAS - CE",NOVA RUSSAS,CEARÁ,BRASIL
12594,"CONSTRUÇÃO DE UMA ESCOLA DE ENSINO PROFISSIONALIZANTE - EEEP, NO MUNICÍPIO DE CAPISTRANO – CE",CAPISTRANO,CEARÁ,BRASIL
12593,"CONSTRUÇÃO DE UMA EEM TIPO I, COM 12 SALAS DE AULA, NO MUNICÍPIO DE QUIXERAMOBIM – CE",QUIXERAMOBIM,CEARÁ,BRASIL
12592,"SERVIÇOS DE MANUTENÇÃO PREVENTIVA E CORRETIVA EM PRÉDIOS PÚBLICOS - SOP - SUPERINTENDÊNCIA DE OBRAS PÚBLICAS - MANUTENÇÕES NO DISTRITO OPERACIONAL DE QUIXERAMOBIM - CE",QUIXERAMOBIM,CEARÁ,BRASIL
12591,"CONSTRUÇÃO DO CENTRO DE EDUCAÇÃO INFANTIL – CEI – PADRÃO 4 SALAS – VERSÃO 02 – NO MUNICÍPIO DE PIQUET CARNEIRO – CE",PIQUET CARNEIRO,CEARÁ,BRASIL
12590,"SERVIÇOS DE MANUTENÇÃO PREVENTIVA E CORRETIVA EM PRÉDIOS PÚBLICOS - SOP - SUPERINTENDÊNCIA DE OBRAS PÚBLICAS - MANUTENÇÃO NO CENTRO COMUNITÁRIO SÃO FRANCISCO, NO MUNICÍPIO DE FORTALEZA - CE",FORTALEZA,CEARÁ,BRASIL
12589,"SERVIÇOS DE MANUTENÇÃO PREVENTIVA E CORRETIVA EM PRÉDIOS PÚBLICOS - SOP - SUPERINTENDÊNCIA DE OBRAS PÚBLICAS - MANUTENÇÃO NO ESPAÇOS SOCIAIS DO BAIRRO DIAS MACEDO, NO MUNICÍPIO DE FORTALEZA - CE",FORTALEZA,CEARÁ,BRASIL
12587,"SERVIÇOS DE MANUTENÇÃO PREVENTIVA E CORRETIVA EM PRÉDIOS PÚBLICOS - SOP - SUPERINTENDÊNCIA DE OBRAS PÚBLICAS - MANUTENÇÃO NO CENTRO COMUNITÁRIO LUÍZA TÁVORA - FAROL, NO MUNICÍPIO DE FORTALEZA - CE",FORTALEZA,CEARÁ,BRASIL
12586,"SERVIÇOS DE MANUTENÇÃO PREVENTIVA E CORRETIVA EM PRÉDIOS PÚBLICOS - SOP - SUPERINTENDÊNCIA DE OBRAS PÚBLICAS - MANUTENÇÃO NO AUDITÓRIO DA SECRETARIA DE PROTEÇÃO SOCIAL - SPS, NO MUNICÍPIO DE FORTALEZA - CE",FORTALEZA,CEARÁ,BRASIL
12585,"SERVIÇOS DE MANUTENÇÃO PREVENTIVA E CORRETIVA EM PRÉDIOS PÚBLICOS - SOP - SUPERINTENDÊNCIA DE OBRAS PÚBLICAS - MANUTENÇÃO NO CENTRO COMUNITÁRIO QUINTINO CUNHA CRECHE AUTO JERUSALÉM, NO MUNICÍPIO DE FORTALEZA - CE",FORTALEZA,CEARÁ,BRASIL
12584,"SERVIÇOS DE MANUTENÇÃO PREVENTIVA E CORRETIVA EM PRÉDIOS PÚBLICOS - SOP - SUPERINTENDÊNCIA DE OBRAS PÚBLICAS - MANUTENÇÕES PARA IMPLEMENTAÇÃO DO PROJETO SALA LILÁS, NO PROGRAMA INTEGRADO DE PREVENÇÃO E REDUÇÃO DE VIOLÊNCIA, NO MUNICÍPIO DE ICAPUÍ - CE",ICAPUÍ,CEARÁ,BRASIL
12583,"CONSTRUÇÃO DE UMA EEM TIPO I, COM 16 SALAS DE AULA, NO MUNICÍPIO DE ACARAÚ – CE",ACARAÚ,CEARÁ,BRASIL
12582,"CONSTRUÇÃO DE UMA ESCOLA DE ENSINO MÉDIO TIPO I, COM 08 SALAS DE AULA (UBAÚNA), NO MUNICÍPIO DE COREAÚ - CE",COREAÚ,CEARÁ,BRASIL
12581,"CONSTRUÇÃO DE UMA ESCOLA DE ENSINO MÉDIO TIPO I – 12 SALAS NO MUNICÍPIO DE JAGUARIBE - CE",JAGUARIBE,CEARÁ,BRASIL
12580,"CONSTRUÇÃO DE UMA EEM TIPO I, COM 10 SALAS DE AULA, NO MUNICÍPIO DE IRACEMA – CE.",IRACEMA,CEARÁ,BRASIL
12579,"SERVIÇOS DE MANUTENÇÃO PREVENTIVA E CORRETIVA EM PRÉDIOS PÚBLICOS - SOP - SUPERINTENDÊNCIA DE OBRAS PÚBLICAS - MANUTENÇÃO DO PISO DE MADEIRA DO COMPLEXO GASTRONÔMICO DA SABIAGUABA, PRAÇA DE ALIMENTAÇÃO E PIER, NO MUNICÍPIO DE FORTALEZA - CE",FORTALEZA,CEARÁ,BRASIL
12578,"SERVIÇO DE MANUTENÇÃO PREVENTIVA E CORRETIVA DAS INSTALAÇÕES FÍSICAS PREDIAIS E EQUIPAMENTOS PÚBLICOS SITUADOS NA UNIVERSIDADE REGIONAL DO CARIRI (URCA) - NO PRÉDIO DO GEOPARK ARAIPE, NO MUNICÍPIO DE CRATO - CE",CRATO,CEARÁ,BRASIL
12577,"SERVIÇO DE MANUTENÇÃO PREVENTIVA E CORRETIVA DAS INSTALAÇÕES FÍSICAS PREDIAIS E EQUIPAMENTOS PÚBLICOS SITUADOS NA UNIVERSIDADE REGIONAL DO CARIRI (URCA) - CAMPUS MEDICINA, NO MUNICÍPIO DE CRATO - CE",CRATO,CEARÁ,BRASIL
12576,"SERVIÇO DE MANUTENÇÃO PREVENTIVA E CORRETIVA DAS INSTALAÇÕES FÍSICAS PREDIAIS E EQUIPAMENTOS PÚBLICOS SITUADOS NA UNIVERSIDADE REGIONAL DO CARIRI (URCA) - CAMPUS PIMENTA, NO MUNICÍPIO DE CRATO - CE",CRATO,CEARÁ,BRASIL
12573,"SERVIÇO DE MANUTENÇÃO PREVENTIVA E CORRETIVA DAS INSTALAÇÕES FÍSICAS PREDIAIS E EQUIPAMENTOS PÚBLICOS SITUADOS NA UNIVERSIDADE REGIONAL DO CARIRI (URCA) - WC DOS LABORATÓRIOS, NO MUNICÍPIO DE CRATO - CE",CRATO,CEARÁ,BRASIL
12572,"SERVIÇOS DE MANUTENÇÃO PREVENTIVA E CORRETIVA EM PRÉDIOS PÚBLICOS - SOP - SUPERINTENDÊNCIA DE OBRAS PÚBLICAS - MANUTENÇÕES NA RESIDÊNCIA UNIVERSITÁRIA DA URCA NO MUNICÍPIO DO CRATO - CE",CRATO,CEARÁ,BRASIL
12566,"REFORMA DO TERMINAL RODOVIÁRIO DO MUNICÍPIO DE ICÓ - CE",ICÓ,CEARÁ,BRASIL
12564,"CONCLUSÃO DO CENTRO DE EDUCAÇÃO INFANTIL - CEI (04 SALAS), NO MUNICÍPIO DE SÃO GONÇALO DO AMARANTE - CE",SÃO GONÇALO DO AMARANTE,CEARÁ,BRASIL
12563,"CONSTRUÇÃO DE UMA EEM TIPO I, COM 10 SALAS DE AULA, NO MUNICÍPIO DE SENADOR SÁ - CE",SENADOR SÁ,CEARÁ,BRASIL
12562,"SERVIÇOS DE MANUTENÇÃO PREVENTIVA E CORRETIVA EM PRÉDIOS PÚBLICOS - SOP - SUPERINTENDÊNCIA DE OBRAS PÚBLICAS - MANUTENÇÕES NO PRÉDIO DA 2ºCIA/2°BPM DA CIDADE DE BARBALHA - CE",BARBALHA,CEARÁ,BRASIL
12561,"SERVIÇO DE ASSISTÊNCIA TÉCNICA, MANUTENÇÃO PREVENTIVA E CORRETIVA DAS INSTALAÇÕES FÍSICAS PREDIAIS COM FORNECIMENTO DE MÃO-DE-OBRA, REPOSIÇÃO DE PEÇAS GENUÍNAS OU ORIGINAIS NAS INSTALAÇÕES FÍSICAS DA ARENA MULTIUSO GOVERNADOR PLÁCIDO ADERALDO CASTELO, NO MUNICÍPIO DE FORTALEZA - CE - 2° ANO",FORTALEZA,CEARÁ,BRASIL
12560,"OBRA DE CONSTRUÇÃO DA REGIONAL DO DETRAN COM ÁREA DE EXAMES, NO MUNICÍPIO DE CAMPOS SALES - CE",CAMPOS SALES,CEARÁ,BRASIL
12559,"EXECUÇÃO DA OBRA DE CONCLUSÃO DA CONSTRUÇÃO DA REGIONAL DO DETRAN, NO MUNICÍPIO DE ICÓ - CE",ICÓ,CEARÁ,BRASIL
12558,"CONSTRUÇÃO DE UMA ESCOLA DE ENSINO MÉDIO TIPO I (10 SALAS), NO MUNICÍPIO DE TAMBORIL - CE",TAMBORIL,CEARÁ,BRASIL
12554,"SERVIÇOS DE MANUTENÇÃO PREVENTIVA E CORRETIVA EM PRÉDIOS PÚBLICOS - SOP - SUPERINTENDÊNCIA DE OBRAS PÚBLICAS - MANUTENÇÕES PARA IMPLEMENTAÇÃO DO PROJETO SALA LILÁS, NO PROGRAMA INTEGRADO DE PREVENÇÃO E REDUÇÃO DE VIOLÊNCIA, NO MUNICÍPIO DE TAMBORIL - CE",TAMBORIL,CEARÁ,BRASIL
12553,"CONSTRUÇÃO DE UMA ESCOLA DE ENSINO MÉDIO TIPO I, COM 12 SALAS DE AULA NO MUNICÍPIO DE NOVO ORIENTE - CE",NOVO ORIENTE,CEARÁ,BRASIL
12529,"CONSTRUÇÃO DE UMA ESCOLA DE ENSINO MÉDIO TIPO I - 08 SALAS, DISTRITO DE ARUAÚ, NO MUNICÍPIO DE MORADA NOVA - CE",MORADA NOVA,CEARÁ,BRASIL
12528,"CONSTRUÇÃO DE UMA ESCOLA DE ENSINO MÉDIO TIPO I, COM 10 SALAS DE AULA, EM BETÂNIA, NO MUNICÍPIO DE CROATÁ - CE",CROATÁ,CEARÁ,BRASIL
12517,"CONSTRUÇÃO DE UMA ESCOLA DE ENSINO MÉDIO TIPO II, COM 12 SALAS DE AULA NO MUNICÍPIO DE PACOTI - CE",PACOTI,CEARÁ,BRASIL
12444,"CONSTRUÇÃO DE UMA ESCOLA DE ENSINO MÉDIO, TIPO 12 SALAS, EM URUBURETAMA - CE",URUBURETAMA,CEARÁ,BRASIL
12443,"SERVIÇOS DE MANUTENÇÃO PREVENTIVA E CORRETIVA EM PRÉDIOS PÚBLICOS - SOP - SUPERINTENDÊNCIA DE OBRAS PÚBLICAS - MANUTENÇÕES PARA IMPLEMENTAÇÃO DO PROJETO SALA LILÁS, NO PROGRAMA INTEGRADO DE PREVENÇÃO E REDUÇÃO DE VIOLÊNCIA, NO MUNICÍPIO DE ITAREMA - CE",ITAREMA,CEARÁ,BRASIL
12442,"SERVIÇOS DE MANUTENÇÃO PREVENTIVA E CORRETIVA EM PRÉDIOS PÚBLICOS - SOP - SUPERINTENDÊNCIA DE OBRAS PÚBLICAS - MANUTENÇÕES PARA IMPLEMENTAÇÃO DO PROJETO SALA LILÁS, NO PROGRAMA INTEGRADO DE PREVENÇÃO E REDUÇÃO DE VIOLÊNCIA, NO MUNICÍPIO DE TRAIRI - CE",TRAIRI,CEARÁ,BRASIL
12441,"SERVIÇOS DE MANUTENÇÃO PREVENTIVA E CORRETIVA EM PRÉDIOS PÚBLICOS - SOP - SUPERINTENDÊNCIA DE OBRAS PÚBLICAS - MANUTENÇÕES PARA IMPLEMENTAÇÃO DO PROJETO SALA LILÁS, NO PROGRAMA INTEGRADO DE PREVENÇÃO E REDUÇÃO DE VIOLÊNCIA, NO MUNICÍPIO DE HORIZONTE - CE",HORIZONTE,CEARÁ,BRASIL
12440,"SERVIÇOS DE MANUTENÇÃO PREVENTIVA E ORRETIVA EM PRÉDIOS PÚBLICOS - SOP - SUPERINTENDÊNCIA DE OBRAS PÚBLICAS - MANUTENÇÃO NA SECRETARIA DO DESENVOLVIMENTO AGRÁRIO - SDA, FORTALEZA - CE - 2ª ETAPA",FORTALEZA,CEARÁ,BRASIL
12439,"CONSTRUÇÃO DE UMA ESCOLA DE ENSINO MÉDIO RURAL TIPO I (12 SALAS), SABIAGUABA, NO MUNICÍPIO DE AMONTADA - CE",AMONTADA,CEARÁ,BRASIL
12437,"SERVIÇOS DE MANUTENÇÃO PREVENTIVA E CORRETIVA EM PRÉDIOS PÚBLICOS - SOP - SUPERINTENDÊNCIA DE OBRAS PÚBLICAS - MANUTENÇÕES NO PRÉDIO DO DISTRITO OPERACIONAL DE ARACOIABA - CE",ARACOIABA,CEARÁ,BRASIL
12436,"EXECUÇÃO DAS OBRAS DE IMPLANTAÇÃO DAS CENTRAIS MUNICIPAIS DE RECICLAGEM – CMR (MODELO 03) – 02 UNIDADES NOS MUNICÍPIOS DE MUCAMBO E ALCÂNTARAS NO VALE DO ACARAÚ, NO ÂMBITO DO PROGRAMA DE DESENVOLVIMENTO URBANO DE POLOS REGIONAIS: VALE DO JAGUARIBE E VALE DO ACARAÚ - MUNICÍPIO DE MUCAMBO - CE",MUCAMBO,CEARÁ,BRASIL
12435,"CONSTRUÇÃO DE UMA EEM TIPO I, COM 10 SALAS DE AULA, NO DISTRITO DE TIMONHA, MUNICÍPIO DE GRANJA - CE",GRANJA,CEARÁ,BRASIL
12434,"CONSTRUÇÃO DE UMA EEM TIPO I, COM 12 SALAS DE AULA, EM CANAÃ, MUNICÍPIO DE TRAIRI – CE",TRAIRI,CEARÁ,BRASIL
12433,"EXECUÇÃO DA OBRA DO CENTRO DE TRIAGEM E REABILITAÇÃO DE ANIMAIS SILVESTRES, NO MUNICÍPIO DE CRATO - CE",CRATO,CEARÁ,BRASIL
12432,"EXECUÇÃO DAS OBRAS DE IMPLANTAÇÃO DAS CENTRAIS MUNICIPAIS DE RECICLAGEM – CMR (MODELO 03) – 02 UNIDADES NOS MUNICÍPIOS DE MUCAMBO E ALCÂNTARAS NO VALE DO ACARAÚ, NO ÂMBITO DO PROGRAMA DE DESENVOLVIMENTO URBANO DE POLOS REGIONAIS: VALE DO JAGUARIBE E VALE DO ACARAÚ - MUNICÍPIO DE ALCÂNTARAS - CE",ALCÂNTARAS,CEARÁ,BRASIL
12429,"CONSTRUÇÃO DO CENTRO DE EDUCAÇÃO INFANTIL – CEI, NO MUNICÍPIO DE BAIXIO - CE",BAIXIO,CEARÁ,BRASIL
12428,"SERVIÇOS DE MANUTENÇÃO PREVENTIVA E CORRETIVA EM PRÉDIOS PÚBLICOS - SOP - SUPERINTENDÊNCIA DE OBRAS PÚBLICAS - MANUTENÇÕES NA BASE DO RAIO DA POLICIA MILITAR, NO MUNICÍPIO DE CEDRO - CE",CEDRO,CEARÁ,BRASIL
12427,"CONSTRUÇÃO DA ESCOLA DE ENSINO MÉDIO RURAL TIPO I, 12 SALAS, DISTRITO BARRENTO, NO MUNICÍPIO DE ITAPIPOCA - CE",ITAPIPOCA,CEARÁ,BRASIL
12426,"SERVIÇOS DE MANUTENÇÃO PREVENTIVA E CORRETIVA EM PRÉDIOS PÚBLICOS - SOP - SUPERINTENDÊNCIA DE OBRAS PÚBLICAS - MANUTENÇÕES NO PRÉDIO DA EMATERCE, NO MUNICÍPIO DE INDEPENDÊNCIA - CE",INDEPENDÊNCIA,CEARÁ,BRASIL
12425,"SERVIÇOS DE MANUTENÇÃO PREVENTIVA E CORRETIVA EM PRÉDIOS PÚBLICOS - SOP - SUPERINTENDÊNCIA DE OBRAS PÚBLICAS - MANUTENÇÕES NO PRÉDIO DA EMATERCE, NO MUNICÍPIO DE CRATEÚS - CE",CRATEÚS,CEARÁ,BRASIL
12424,"SERVIÇOS DE MANUTENÇÃO PREVENTIVA E CORRETIVA EM PRÉDIOS PÚBLICOS - SOP - SUPERINTENDÊNCIA DE OBRAS PÚBLICAS - MANUTENÇÃO NA SEDE E RESIDÊNCIA UNIVERSITÁRIA DA FACULDADE DE EDUCAÇÃO, CIÊNCIAS E LETRAS DO SERTÃO CENTRAL - FECLESC, NO MUNICÍPIO DE QUIXADÁ - CE",QUIXADÁ,CEARÁ,BRASIL
12421,"1ª ETAPA DO CAMPUS DO INSTITUTO TECNOLÓGICO DA AERONÁUTICA - ITA, COMPREENDENDO UM BLOCO DE ALOJAMENTO COM 3.130,38 M² E BLOCO DE ENGENHARIA COM 15.468,21 M², COM ÁREA TOTAL CONSTRUÍDA DE 18.568,59 M², NO MUNICÍPIO DE FORTALEZA - CE",FORTALEZA,CEARÁ,BRASIL
12420,"SERVIÇOS DE MANUTENÇÃO PREVENTIVA E CORRETIVA EM PRÉDIOS PÚBLICOS - SOP - SUPERINTENDÊNCIA DE OBRAS PÚBLICAS - MANUTENÇÕES PRÉDIOS DA EMATERCE, NO MUNICÍPIO DE SOBRAL - CE",SOBRAL,CEARÁ,BRASIL
12412,"SERVIÇOS DE MANUTENÇÃO PREVENTIVA E CORRETIVA EM PRÉDIOS PÚBLICOS - SOP - SUPERINTENDÊNCIA DE OBRAS PÚBLICAS - MANUTENÇÕES NO PRÉDIO DO RAIO NO MUNICÍPIO DE CARIRIAÇU - CE,CARIRIAÇU",CEARÁ,BRASIL
12411,"CONSTRUÇÃO DE UMA ESCOLA DE ENSINO MÉDIO (TIPO I), COM 12 SALAS DE AULA, NO MUNICÍPIO DE GROAÍRAS - CE",GROAÍRAS,CEARÁ,BRASIL
12409,"SERVIÇOS DE MANUTENÇÃO PREVENTIVA E CORRETIVA EM PRÉDIOS PÚBLICOS - SOP - SUPERINTENDÊNCIA DE OBRAS PÚBLICAS - MANUTENÇÃO NA EEMTI LÍDIA BEZERRA NO MUNICÍPIO DE SABOEIRO - CE",SABOEIRO,CEARÁ,BRASIL
12405,"SERVIÇOS DE MANUTENÇÃO PREVENTIVA E CORRETIVA EM PRÉDIOS PÚBLICOS - MANUTENÇÃO NA UNIDADE PRISIONAL DE ENSINO, CAPACITAÇÃO E TRABALHO DE HORIZONTE - UPECT, AV. CELSO DA SILVA ASSUNÇÃO, 990, NO MUNICÍPIO DE HORIZONTE - CE",HORIZONTE,CEARÁ,BRASIL
12404,"SERVIÇOS DE MANUTENÇÃO PREVENTIVA E CORRETIVA EM PRÉDIOS PÚBLICOS - SERVIÇO DE MANUTENÇÃO PREDIAL PREVENTIVA E CORRETIVA NA EEP JÚLIO FRANÇA, LOCALIZADA NO MUNICÍPIO DE BELA CRUZ - CE",BELA CRUZ,CEARÁ,BRASIL
12399,"CONSTRUÇÃO DA SEDE DA ASSOCIAÇÃO INDÍGENA PITAGUARY, EM MARACANAÚ – CE",MARACANAÚ,CEARÁ,BRASIL
12398,"CONSTRUÇÃO DA SEDE DA ASSOCIAÇÃO OLHO D’ÁGUA, EM MARACANAÚ - CE",MARACANAÚ,CEARÁ,BRASIL
12391,"CONSTRUÇÃO DO CENTRO DE EDUCAÇÃO INFANTIL – CEI, NO MUNICÍPIO DE MARCO - CE",MARCO,CEARÁ,BRASIL
12359,"SERVIÇOS DE MANUTENÇÃO PREVENTIVA E CORRETIVA EM PRÉDIOS PÚBLICOS - CASA CIVIL - MANUTENÇÕES DAS INSTALAÇÕES DO PALÁCIO DA ABOLIÇÃO, RESIDÊNCIA OFICIAL E ANEXOS - 2ª ETAPA",FORTALEZA,CEARÁ,BRASIL
12358,"SERVIÇOS DE MANUTENÇÃO PREVENTIVA E CORRETIVA EM PRÉDIOS PÚBLICOS - SOP - SUPERINTENDÊNCIA DE OBRAS PÚBLICAS - MANUTENÇÕES NO PRÉDIO DO BATALHÃO DO RAIO NO MUNICÍPIO DE MAURITI - CE",MAURITI,CEARÁ,BRASIL
12356,"SERVIÇOS DE MANUTENÇÃO PREVENTIVA E CORRETIVA EM PRÉDIOS PÚBLICOS - SOP - SUPERINTENDÊNCIA DE OBRAS PÚBLICAS - MANUTENÇÕES NA BASE DO RAIO DE JUAZEIRO DO NORTE - CE",JUAZEIRO DO NORTE,CEARÁ,BRASIL
12334,"CONSTRUÇÃO DAS COBERTAS NAS QUADRAS DOS CENTROS DE INCLUSÃO TECNOLÓGICA E SOCIAL – CITS NO BAIRRO DE JANGURUSSU, EM FORTALEZA",FORTALEZA,CEARÁ,BRASIL
12333,"CONSTRUÇÃO DAS COBERTAS NAS QUADRAS DOS CENTROS DE INCLUSÃO TECNOLÓGICA E SOCIAL – CITS NO BAIRRO JOSÉ WALTER, EM FORTALEZA - CE",FORTALEZA,CEARÁ,BRASIL
12332,"CONSTRUÇÃO DAS COBERTAS NAS QUADRAS DOS CENTROS DE INCLUSÃO TECNOLÓGICA E SOCIAL – CITS NO BAIRRO SÃO BERNARDO, EM FORTALEZA",FORTALEZA,CEARÁ,BRASIL
12331,"CONSTRUÇÃO DAS COBERTAS NAS QUADRAS DOS CENTROS DE INCLUSÃO TECNOLÓGICA E SOCIAL – CITS NO BAIRRO CONJUNTO CEARÁ, EM FORTALEZA",FORTALEZA,CEARÁ,BRASIL
12330,"CONSTRUÇÃO DAS COBERTAS NAS QUADRAS DOS CENTROS DE INCLUSÃO TECNOLÓGICA E SOCIAL – CITS NO BAIRRO MUCURIPE, EM FORTALEZA – CE",FORTALEZA,CEARÁ,BRASIL
12319,"SERVIÇOS DE MANUTENÇÃO PREVENTIVA E CORRETIVA EM PRÉDIOS PÚBLICOS - SOP - SUPERINTENDÊNCIA DE OBRAS PÚBLICAS - SERVIÇO DE MANUTENÇÃO NA EMCETUR - COBERTA DO BLOCO SUL, FORTALEZA-CE",FORTALEZA,CEARÁ,BRASIL
12306,"CONTRATAÇÃO DE EMPRESA ESPECIALIZADA PARA EXECUÇÃO DO PROJETO DE REFORMA DO GALPÃO PARA REALOCAÇÃO DA UNIDADE DE TRIAGEM E BENEFICIAMENTO DE RECICLÁVEIS NO MUNICÍPIO DE MARACANAÚ-CE",MARACANAÚ,CEARÁ,BRASIL
12303,"SERVIÇOS DE MANUTENÇÃO PREVENTIVA E CORRETIVA EM PRÉDIOS PÚBLICOS - SOP - SUPERINTENDÊNCIA DE OBRAS PÚBLICAS - MANUTENÇÃO NA EEMTI LIONS JANGADA, FORTALEZA - CE",FORTALEZA,CEARÁ,BRASIL
12292,"CONSTRUÇÃO DE 01 (UM) CENTRO DE EDUCAÇÃO INFANTIL - CEI, PADRÃO IV, NO MUNICÍPIO DE AURORA - CE",AURORA,CEARÁ,BRASIL
12291,"CONSTRUÇÃO DE 01 (UM) CENTRO DE EDUCAÇÃO INFANTIL - CEI, PADRÃO IV, NO MUNICÍPIO DE BREJO SANTO/CE",BREJO SANTO,CEARÁ,BRASIL
12286,"SERVIÇOS DE MANUTENÇÃO PREVENTIVA E CORRETIVA EM PRÉDIOS PÚBLICOS - SOP - SUPERINTENDÊNCIA DE OBRAS PÚBLICAS - MANUTENÇÃO NO BBS 1º COMPANHIA DE BUSCA E SALVAMENTO DO CORPO DE BOMBEIROS, FORTALEZA - CE.",FORTALEZA,CEARÁ,BRASIL
12285,"SERVIÇOS DE MANUTENÇÃO PREVENTIVA E CORRETIVA EM PRÉDIOS PÚBLICOS - SOP - SUPERINTENDÊNCIA DE OBRAS PÚBLICAS - MANUTENÇÃO NO PRÉDIO DO CENTRO DE EDUCAÇÃO - CED NO CAMPUS ITAPERI DA UECE, FORTALEZA - CE.",FORTALEZA,CEARÁ,BRASIL
12284,"SERVIÇOS DE MANUTENÇÃO PREVENTIVA E CORRETIVA EM PRÉDIOS PÚBLICOS - SOP - SUPERINTENDÊNCIA DE OBRAS PÚBLICAS - MANUTENÇÃO NO DEPÓSITO DA DIMAP NA UECE.",FORTALEZA,CEARÁ,BRASIL
12283,"SERVIÇOS DE MANUTENÇÃO PREVENTIVA E CORRETIVA EM PRÉDIOS PÚBLICOS - SOP - SUPERINTENDÊNCIA DE OBRAS PÚBLICAS - MANUTENÇÃO NO PRÉDIO NUPESA - FAVET NA UECE.",FORTALEZA,CEARÁ,BRASIL
12282,"SERVIÇOS DE MANUTENÇÃO PREVENTIVA E CORRETIVA EM PRÉDIOS PÚBLICOS - SOP - SUPERINTENDÊNCIA DE OBRAS PÚBLICAS - MANUTENÇÃO NO MURO DA BETEL DA UECE.",FORTALEZA,CEARÁ,BRASIL
12281,"SERVIÇOS DE MANUTENÇÃO PREVENTIVA E CORRETIVA EM PRÉDIOS PÚBLICOS - SOP - SUPERINTENDÊNCIA DE OBRAS PÚBLICAS - MANUTENÇÃO NA ESTRUTURA DO BLOCO H (CAMPUS ITAPERI) DA UECE, FORTALEZA - CE.",FORTALEZA,CEARÁ,BRASIL
12280,"SERVIÇOS DE MANUTENÇÃO PREVENTIVA E CORRETIVA EM PRÉDIOS PÚBLICOS - SOP - SUPERINTENDÊNCIA DE OBRAS PÚBLICAS - MANUTENÇÃO NO PRÉDIO DA BIBLIOTECA CENTRAL DA UECE.",FORTALEZA,CEARÁ,BRASIL
12279,"SERVIÇOS DE MANUTENÇÃO PREVENTIVA E CORRETIVA EM PRÉDIOS PÚBLICOS - SOP - SUPERINTENDÊNCIA DE OBRAS PÚBLICAS - MANUTENÇÃO NO REFEITÓRIO DO CENTRO DE HUMANIDADES DA INSTITUIÇÃO DE ENSINO SUPERIOR NO CAMPUS FÁTIMA DA UECE, FORTALEZA - CE",FORTALEZA,CEARÁ,BRASIL
12278,"SERVIÇOS DE MANUTENÇÃO PREVENTIVA E CORRETIVA EM PRÉDIOS PÚBLICOS - SOP - SUPERINTENDÊNCIA DE OBRAS PÚBLICAS - MANUTENÇÃO NO PRÉDIO DA DIREÇÃO DOS CENTROS CCS, CCV E FAVERT, NO CAMPUS DO ITAPERI - UECE.",FORTALEZA,CEARÁ,BRASIL
12277,"SERVIÇOS DE MANUTENÇÃO PREVENTIVA E CORRETIVA EM PRÉDIOS PÚBLICOS - SOP - SUPERINTENDÊNCIA DE OBRAS PÚBLICAS - MANUTENÇÃO NO QUARTEL DO PELOTÃO DA 1ª COMPANHIA DO 2º BPRAIO - 1 PEL - 1 CIA/2 RAIO, SÃO GONÇALO DO AMARANTE - CE.",SÃO GONÇALO DO AMARANTE,CEARÁ,BRASIL
12276,"SERVIÇOS DE MANUTENÇÃO PREVENTIVA E CORRETIVA EM PRÉDIOS PÚBLICOS - SOP - SUPERINTENDÊNCIA DE OBRAS PÚBLICAS - MANUTENÇÃO NO PRÉDIO DO PRAE E ANFITEATRO NA UECE, FORTALEZA - CE.",FORTALEZA,CEARÁ,BRASIL
12275,"SERVIÇOS DE MANUTENÇÃO PREVENTIVA E CORRETIVA EM PRÉDIOS PÚBLICOS - SOP - SUPERINTENDÊNCIA DE OBRAS PÚBLICAS - MANUTENÇÃO NA ACESSIBILIDADE DO CAMPUS ITAPERI DA UECE, FORTALEZA - CE",FORTALEZA,CEARÁ,BRASIL
12274,"SERVIÇOS DE MANUTENÇÃO PREVENTIVA E CORRETIVA EM PRÉDIOS PÚBLICOS - SOP - SUPERINTENDÊNCIA DE OBRAS PÚBLICAS - MANUTENÇÃO NO COMPLEXO ADMINISTRATIVO - PMCE, FORTALEZA - CE",FORTALEZA,CEARÁ,BRASIL
12273,"SERVIÇOS DE MANUTENÇÃO PREVENTIVA E CORRETIVA EM PRÉDIOS PÚBLICOS - SOP - SUPERINTENDÊNCIA DE OBRAS PÚBLICAS - MANUTENÇÃO NA COORDENADORIA INTEGRADA DE OPERAÇÕES AÉREAS - CIOPAER, FORTALEZA - CE",FORTALEZA,CEARÁ,BRASIL
12272,"SERVIÇOS DE MANUTENÇÃO PREVENTIVA E CORRETIVA EM PRÉDIOS PÚBLICOS - SOP - SUPERINTENDÊNCIA DE OBRAS PÚBLICAS - MANUTENÇÃO NO CENTRO DE HUMANIDADES, NO CAMPUS FÁTIMA DA UECE, FORTALEZA - CE",FORTALEZA,CEARÁ,BRASIL
12271,"SERVIÇOS DE MANUTENÇÃO PREVENTIVA E CORRETIVA EM PRÉDIOS PÚBLICOS - SOP - SUPERINTENDÊNCIA DE OBRAS PÚBLICAS - MANUTENÇÃO DAS CAIXAS D'ÁGUA DO CAMPUS ITAPERI, FORTALEZA - CE",FORTALEZA,CEARÁ,BRASIL
12270,"SERVIÇOS DE MANUTENÇÃO PREVENTIVA E CORRETIVA EM PRÉDIOS PÚBLICOS - SOP - SUPERINTENDÊNCIA DE OBRAS PÚBLICAS - MANUTENÇÃO NO CEPID - CENTRO DE PROFISSIONALIZANTE INCLUSIVA PARA PESSOAS COM DEFICIÊNCIA, FORTALEZA - CE.",FORTALEZA,CEARÁ,BRASIL
12269,"SERVIÇOS DE MANUTENÇÃO PREVENTIVA E CORRETIVA EM PRÉDIOS PÚBLICOS - SOP - SUPERINTENDÊNCIA DE OBRAS PÚBLICAS - MANUTENÇÃO NA CAIXA D’ÁGUA DI CESA NO CAMPUS DO ITAPERI DA UECE, EM FORTALEZA - CE ",FORTALEZA,CEARÁ,BRASIL
12268,"SERVIÇOS DE MANUTENÇÃO PREVENTIVA E CORRETIVA EM PRÉDIOS PÚBLICOS - SOP - SUPERINTENDÊNCIA DE OBRAS PÚBLICAS - MANUTENÇÃO DA 1ª CIA DO 5ª BATALHÃO DA PMCE, EM FORTALEZA - CE",FORTALEZA,CEARÁ,BRASIL
12267,"SERVIÇOS DE MANUTENÇÃO PREVENTIVA E CORRETIVA EM PRÉDIOS PÚBLICOS - SOP - SUPERINTENDÊNCIA DE OBRAS PÚBLICAS - MANUTENÇÃO NO PRÉDIO DO MUNDO VERDE DA UECE, EM FORTALEZA",FORTALEZA,CEARÁ,BRASIL
12266,"SERVIÇOS DE MANUTENÇÃO PREVENTIVA E CORRETIVA EM PRÉDIOS PÚBLICOS - SOP - SUPERINTENDÊNCIA DE OBRAS PÚBLICAS - MANUTENÇÃO NO BLOCO P (DA PSICOLOGIA), CAMPUS ITAPERI, UECE, FORTALEZA - CE.",FORTALEZA,CEARÁ,BRASIL
12265,"SERVIÇOS DE MANUTENÇÃO PREVENTIVA E CORRETIVA EM PRÉDIOS PÚBLICOS - SOP - SUPERINTENDÊNCIA DE OBRAS PÚBLICAS - MANUTENÇÃO NO RESTAURANTE UNIVERSITÁRIO DA UECE.",FORTALEZA,CEARÁ,BRASIL
12264,"SERVIÇOS DE MANUTENÇÃO PREVENTIVA E CORRETIVA EM PRÉDIOS PÚBLICOS - SOP - SUPERINTENDÊNCIA DE OBRAS PÚBLICAS - MANUTENÇÃO NO LABORATÓRIO DE NUTRIÇÃO E PRODUÇÃO DE RUMINANTES UECE.",FORTALEZA,CEARÁ,BRASIL
12263,"SERVIÇOS DE MANUTENÇÃO PREVENTIVA E CORRETIVA EM PRÉDIOS PÚBLICOS - SOP - SUPERINTENDÊNCIA DE OBRAS PÚBLICAS - MANUTENÇÃO NA COBERTA DO DEPARTAMENTO DE CONTABILIDADE E FINANGAS - DECOFIN DA UECE.",FORTALEZA,CEARÁ,BRASIL
12262,"SERVIÇOS DE MANUTENÇÃO PREVENTIVA E CORRETIVA EM PRÉDIOS PÚBLICOS - SOP - SUPERINTENDÊNCIA DE OBRAS PÚBLICAS - MANUTENÇÃO NOS BANHEIROS DA PRO-REITORIA DE GRADUAÇÃO - PROGRAD NO CAMPUS DO ITAPERI DA UECE, EM FORTALEZA/CE",FORTALEZA,CEARÁ,BRASIL
12261,"SERVIÇOS DE MANUTENÇÃO PREVENTIVA E CORRETIVA EM PRÉDIOS PÚBLICOS - SOP - SUPERINTENDÊNCIA DE OBRAS PÚBLICAS - MANUTENÇÃO NO PRÉDIO DO BLOCO DO PROPGEO DA UECE.",FORTALEZA,CEARÁ,BRASIL
12260,"SERVIÇOS DE MANUTENÇÃO PREVENTIVA E CORRETIVA EM PRÉDIOS PÚBLICOS - SOP - SUPERINTENDÊNCIA DE OBRAS PÚBLICAS - MANUTENÇÃO NO PRÉDIO DA REITORIA DA UECE.,FORTALEZA",CEARÁ,BRASIL
12259,"SERVIÇOS DE MANUTENÇÃO PREVENTIVA E CORRETIVA EM PRÉDIOS PÚBLICOS - SOP - SUPERINTENDÊNCIA DE OBRAS PÚBLICAS - MANUTENÇÃO NO PRÉDIO DO PPGCV - FAVET CAMPUS DO ITAPERI - UECE, FORTALEZA - CE",FORTALEZA,CEARÁ,BRASIL
12258,"SERVIÇOS DE MANUTENÇÃO PREVENTIVA E CORRETIVA EM PRÉDIOS PÚBLICOS - SOP - SUPERINTENDÊNCIA DE OBRAS PÚBLICAS - MANUTENÇÃO NA COBERTA DA PREFEITURA E DO DIMAP DA UECE, CAMPUS ITAPERI, FORTALEZA - CE.",FORTALEZA,CEARÁ,BRASIL
12257,"SERVIÇOS DE MANUTENÇÃO PREVENTIVA E CORRETIVA EM PRÉDIOS PÚBLICOS - SOP - SUPERINTENDÊNCIA DE OBRAS PÚBLICAS - MANUTENÇÃO NO PRÉDIO NÚCLEO DE COMPUTAÇÃO CIENTÍFICA E APLICADA - UECE, FORTALEZA - CE.",FORTALEZA,CEARÁ,BRASIL
12256,"SERVIÇOS DE MANUTENÇÃO PREVENTIVA E CORRETIVA EM PRÉDIOS PÚBLICOS - SOP - SUPERINTENDÊNCIA DE OBRAS PÚBLICAS - MANUTENÇÃO NO PRÉDIO DO ISBC - INSTALAÇÕES DE DIVISÓRIAS DE DRYWALL NA UECE , EM FORTALEZA - CE.",FORTALEZA,CEARÁ,BRASIL
12255,"SERVIÇOS DE MANUTENÇÃO PREVENTIVA E CORRETIVA EM PRÉDIOS PÚBLICOS - SOP - SUPERINTENDÊNCIA DE OBRAS PÚBLICAS - MANUTENÇÃO NO PRÉDIO DO COMPLEXO POLIESPORTIVO DA UECE, (CAMPUS ITAPERI), FORTALEZA - CE",FORTALEZA,CEARÁ,BRASIL
12254,"SERVIÇOS DE MANUTENÇÃO PREVENTIVA E CORRETIVA EM PRÉDIOS PÚBLICOS - SOP - SUPERINTENDÊNCIA DE OBRAS PÚBLICAS - MANUTENÇÃO NO PRÉDIO DA DEG DA UECE.",FORTALEZA,CEARÁ,BRASIL
12253,"SERVIÇOS DE MANUTENÇÃO PREVENTIVA E CORRETIVA EM PRÉDIOS PÚBLICOS - SOP - SUPERINTENDÊNCIA DE OBRAS PÚBLICAS - MANUTENÇÃO NA EDITORA DA UECE.",FORTALEZA,CEARÁ,BRASIL
12252,"SERVIÇOS DE MANUTENÇÃO PREVENTIVA E CORRETIVA EM PRÉDIOS PÚBLICOS - SOP - SUPERINTENDÊNCIA DE OBRAS PÚBLICAS ´MANUTENÇÃO NA 1ª CIA DO 2º BPRAIO, CAUCAIA - CE",CAUCAIA,CEARÁ,BRASIL
12251,"SERVIÇOS DE MANUTENÇÃO PREVENTIVA E CORRETIVA EM PRÉDIOS PÚBLICOS - SOP - SUPERINTENDÊNCIA DE OBRAS PÚBLICAS - MANUTENÇÃO DA 1ª CIA DO 12º BATALHÃO DA POLICIA MILITAR.",CAUCAIA,CEARÁ,BRASIL
12250,"SERVIÇOS DE MANUTENÇÃO PREVENTIVA E CORRETIVA EM PRÉDIOS PÚBLICOS - SOP - SUPERINTENDÊNCIA DE OBRAS PÚBLICAS - MANUTENÇÃO GERAL NO CENTRO DE SAÚDE ESCOLA MEIRELES, FORTALEZA - CE",FORTALEZA,CEARÁ,BRASIL
12249,"SERVIÇOS DE MANUTENÇÃO PREVENTIVA E CORRETIVA EM PRÉDIOS PÚBLICOS - SOP - SUPERINTENDÊNCIA DE OBRAS PÚBLICAS - MANUTENÇÃO NO BLOCO LAPEGEO NA UECE, EM FORTALEZA - CE",FORTALEZA,CEARÁ,BRASIL
12248,"SERVIÇOS DE MANUTENÇÃO PREVENTIVA E CORRETIVA EM PRÉDIOS PÚBLICOS - SOP - SUPERINTENDÊNCIA DE OBRAS PÚBLICAS - MANUTENÇÃO E REVISÃO DAS CARENAGENS - CASTELÃO, FORTALEZA - CE",FORTALEZA,CEARÁ,BRASIL
12247,"SERVIÇOS DE MANUTENÇÃO PREVENTIVA E CORRETIVA EM PRÉDIOS PÚBLICOS - SOP - SUPERINTENDÊNCIA DE OBRAS PÚBLICAS - MANUTENÇÃO DO PRÉDIO DO 14º BPM - INSTALAÇÕES ELÉTRICAS, HIDROSSANITÁRIAS E COBERTA, MARACANAÚ - CE",MARACANAÚ,CEARÁ,BRASIL
12246,"SERVIÇOS DE MANUTENÇÃO PREVENTIVA E CORRETIVA EM PRÉDIOS PÚBLICOS - SOP - SUPERINTENDÊNCIA DE OBRAS PÚBLICAS - MANUTENÇÃO NO CENTRO ODONTOLÓGICO - HOSPITAL DO CORAÇÃO.",FORTALEZA,CEARÁ,BRASIL
12244,"SERVIÇOS DE MANUTENÇÃO PREVENTIVA E CORRETIVA EM PRÉDIOS PÚBLICOS - SOP - SUPERINTENDÊNCIA DE OBRAS PÚBLICAS -  MANUTENÇÃÕ NA SECRETARIA DO DESENVOLVIMENTO AGRÁRIO - SDA, FORTALEZA - CE - 1ª ETAPA ",FORTALEZA,CEARÁ,BRASIL
12243,"SERVIÇOS DE MANUTENÇÃO PREVENTIVA E CORRETIVA EM PRÉDIOS PÚBLICOS - SOP - SUPERINTENDÊNCIA DE OBRAS PÚBLICAS - MANUTENÇÃO NO SESI DA BARRA DO CEARÁ, NA ÁREA OCUPADA PELA EEFM DOM HELDER CÂMARA, FORTALEZA - CE",FORTALEZA,CEARÁ,BRASIL
12240,"SERVIÇOS DE MANUTENÇÃO PREVENTIVA E CORRETIVA EM PRÉDIOS PÚBLICOS - SOP - SUPERINTENDÊNCIA DE OBRAS PÚBLICAS - MANUTENÇÃO DA EEFM EDSON CORREA, BAIRRO CURICACA, NO MUNICÍPIO DE CAUCAIA - CE",CAUCAIA,CEARÁ,BRASIL
12239,"SERVIÇOS DE MANUTENÇÃO PREVENTIVA E CORRETIVA EM PRÉDIOS PÚBLICOS - SOP - SUPERINTENDÊNCIA DE OBRAS PÚBLICAS - MANUTENÇÃO NA COBERTA DA EEM DR. CESAR CALS, NO MUNICÍPIO DE FORTALEZA - CE",FORTALEZA,CEARÁ,BRASIL
12237,"SERVIÇOS DE MANUTENÇÃO PREVENTIVA E CORRETIVA EM PRÉDIOS PÚBLICOS - SOP - SUPERINTENDÊNCIA DE OBRAS PÚBLICAS - MANUTENÇÃO NO PRÉDIO PÚBLICO DA PEFOCE, FORTALEZA - CE",FORTALEZA,CEARÁ,BRASIL
12236,"SERVIÇOS DE MANUTENÇÃO PREVENTIVA E CORRETIVA EM PRÉDIOS PÚBLICOS - SOP - SUPERINTENDÊNCIA DE OBRAS PÚBLICAS - MANUTENÇÃO PREVENTIVA E CORRETIVA DO PRÉDIO DO CONSELHO ESTADUAL DE EDUCAÇÃO - CEE.",FORTALEZA,CEARÁ,BRASIL
12235,"SERVIÇOS DE MANUTENÇÃO PREVENTIVA E CORRETIVA EM PRÉDIOS PÚBLICOS - SOP - SUPERINTENDÊNCIA DE OBRAS PÚBLICAS - MANUTENÇÃO NA 2ª CIA DO 6º BATALHÃO.",FORTALEZA,CEARÁ,BRASIL
12234,"SERVIÇOS DE MANUTENÇÃO PREVENTIVA E CORRETIVA EM PRÉDIOS PÚBLICOS - SOP - SUPERINTENDÊNCIA DE OBRAS PÚBLICAS - MANUTENÇÃO NA AESP,  FORTALEZA - CE.",FORTALEZA,CEARÁ,BRASIL
12233,"SERVIÇOS DE MANUTENÇÃO PREVENTIVA E CORRETIVA EM PRÉDIOS PÚBLICOS - SOP - SUPERINTENDÊNCIA DE OBRAS PÚBLICAS - MANUTENÇÃO NO COMPLEXO MAIS INFÂNCIA - JOAO XXIII - FORTALEZA - CE",FORTALEZA,CEARÁ,BRASIL
12232,"SERVIÇOS DE MANUTENÇÃO PREVENTIVA E CORRETIVA EM PRÉDIOS PÚBLICOS - SOP - SUPERINTENDÊNCIA DE OBRAS PÚBLICAS - MANUTENÇÃO NO PRÉDIO DO 17º BATALHÃO, FORTALEZA - CE",FORTALEZA,CEARÁ,BRASIL
12231,"SERVIÇOS DE MANUTENÇÃO PREVENTIVA E CORRETIVA EM PRÉDIOS PÚBLICOS - SOP - SUPERINTENDÊNCIA DE OBRAS PÚBLICAS - MANUTENÇÃO NA EEEP PROFª MARLY FERREIRA MARTINS, FORTALEZA - CE",FORTALEZA,CEARÁ,BRASIL
12230,"SERVIÇOS DE MANUTENÇÃO PREVENTIVA E CORRETIVA EM PRÉDIOS PÚBLICOS - SOP - SUPERINTENDÊNCIA DE OBRAS PÚBLICAS - MANUTENÇÃO NA EEM BRANCA CARNEIRO DE MENDONÇA, CAUCAIA - CE",CAUCAIA,CEARÁ,BRASIL
12229,"SERVIÇOS DE MANUTENÇÃO PREVENTIVA E CORRETIVA EM PRÉDIOS PÚBLICOS - SOP - SUPERINTENDÊNCIA DE OBRAS PÚBLICAS - MANUTENÇÃO NA EEFM JOSÉ MARIA PONTES DA ROCHA.",CAUCAIA,CEARÁ,BRASIL
12228,"SERVIÇOS DE MANUTENÇÃO PREVENTIVA E CORRETIVA EM PRÉDIOS PÚBLICOS - SOP - SUPERINTENDÊNCIA DE OBRAS PÚBLICAS - MANUTENÇÃO NA EEFM ELIEZER FREITAS GUIMARÃES, NA RUA 145, S/N, CONJUNTO NOVA METRÓPOLE, CAUCAIA/CE",CAUCAIA,CEARÁ,BRASIL
12227,"SERVIÇOS DE MANUTENÇÃO PREVENTIVA E CORRETIVA EM PRÉDIOS PÚBLICOS - SOP - SUPERINTENDÊNCIA DE OBRAS PÚBLICAS - MANUTENÇÃO NA COBERTA EDUCACIONAL MOEMA TÁVORA",FORTALEZA,CEARÁ,BRASIL
12226,"SERVIÇOS DE MANUTENÇÃO PREVENTIVA E CORRETIVA EM PRÉDIOS PÚBLICOS - SOP - SUPERINTENDÊNCIA DE OBRAS PÚBLICAS - MANUTENÇÃO NA EEMTI GOVERNADOR FLÁVIO MARCÍLIO, FORTALEZA - CE",FORTALEZA,CEARÁ,BRASIL
12225,"SERVIÇOS DE MANUTENÇÃO PREVENTIVA E CORRETIVA EM PRÉDIOS PÚBLICOS - SOP - SUPERINTENDÊNCIA DE OBRAS PÚBLICAS - MANUTENÇÃO NO SESI DA BARRA DO CEARÁ - QUADRA DE ESPORTES, REFEITÓRIO E MURO LATERAL, FORTALEZA - CE",FORTALEZA,CEARÁ,BRASIL
12224,"SERVIÇOS DE MANUTENÇÃO PREVENTIVA E CORRETIVA EM PRÉDIOS PÚBLICOS - SOP - SUPERINTENDÊNCIA DE OBRAS PÚBLICAS - MANUTENÇÃO NA ESCOLA MARWIN, FORTALEZA - CE",FORTALEZA,CEARÁ,BRASIL
12223,"SERVIÇOS DE MANUTENÇÃO PREVENTIVA E CORRETIVA EM PRÉDIOS PÚBLICOS - SOP - SUPERINTENDÊNCIA DE OBRAS PÚBLICAS - MANUTENÇÃO NO QUARTEL DA 3ª CIA DO  DO 23º BATALHÃO DA POLICIA MILITAR.",FORTALEZA,CEARÁ,BRASIL
12222,"SERVIÇOS DE MANUTENÇÃO PREVENTIVA E CORRETIVA EM PRÉDIOS PÚBLICOS - SOP - SUPERINTENDÊNCIA DE OBRAS PÚBLICAS - MANUTENÇÃO NO QUARTEL DO COMPLEXO ADMINISTRATIVO OPERACIONAL - CAO.",FORTALEZA,CEARÁ,BRASIL
12221,"SERVIÇOS DE MANUTENÇÃO PREVENTIVA E CORRETIVA EM PRÉDIOS PÚBLICOS - SOP - SUPERINTENDÊNCIA DE OBRAS PÚBLICAS - MANUTENÇÃO NA 1ª CIA DO 20º BATALHÃO DA POLICIA MILITAR, FORTALEZA - CE",FORTALEZA,CEARÁ,BRASIL
12220,"SERVIÇOS DE MANUTENÇÃO PREVENTIVA E CORRETIVA EM PRÉDIOS PÚBLICOS - SOP - SUPERINTENDÊNCIA DE OBRAS PÚBLICAS - MANUTENÇÃO NA 2ª CIA DO 12º BATALHÃO DA PMCE, LOCALIZADO NA AV. A, S/N, NOVA METRÓPOLE, JUREMA, CAUCAIA - CE",CAUCAIA,CEARÁ,BRASIL
12219,"SERVIÇOS DE MANUTENÇÃO PREVENTIVA E CORRETIVA EM PRÉDIOS PÚBLICOS - SOP - SUPERINTENDÊNCIA DE OBRAS PÚBLICAS - MANUTENÇÃO DA CIDADE MAIS INFÂNCIA, EM FORTALEZA - CE.",FORTALEZA,CEARÁ,BRASIL
12218,"SERVIÇOS DE MANUTENÇÃO PREVENTIVA E CORRETIVA EM PRÉDIOS PÚBLICOS - SOP - SUPERINTENDÊNCIA DE OBRAS PÚBLICAS - MANUTENÇÃO NA COBERTA DA EEMTI ROMEU DE CASTRO, CAUCAIA - CE",CAUCAIA,CEARÁ,BRASIL
12217,"SERVIÇOS DE MANUTENÇÃO PREVENTIVA E CORRETIVA EM PRÉDIOS PÚBLICOS - SOP - SUPERINTENDÊNCIA DE OBRAS PÚBLICAS - MANUTENÇÃO DO COLÉGIO DA POLICIA MILITAR, FORTALEZA - CE",FORTALEZA,CEARÁ,BRASIL
12216,"SERVIÇOS DE MANUTENÇÃO PREVENTIVA E CORRETIVA EM PRÉDIOS PÚBLICOS - SOP - SUPERINTENDÊNCIA DE OBRAS PÚBLICAS - MANUTENÇÃO NO PRÉDIO DO BLOCO LAMOFOPA - FAVET NA UECE, EM FORTALEZA - CE.",FORTALEZA,CEARÁ,BRASIL
12215,"SERVIÇOS DE MANUTENÇÃO PREVENTIVA E CORRETIVA EM PRÉDIOS PÚBLICOS - SOP - SUPERINTENDÊNCIA DE OBRAS PÚBLICAS - MANUTENÇÃO NA ESCOLA DE VIDA SABOR E ARTE.",FORTALEZA,CEARÁ,BRASIL
12214,"SERVIÇOS DE MANUTENÇÃO PREVENTIVA E CORRETIVA EM PRÉDIOS PÚBLICOS - SOP - SUPERINTENDÊNCIA DE OBRAS PÚBLICAS - MANUTENÇÃO NO COLÉGIO DO CORPO DE BOMBEIRO EM FORTALEZA - CE.",FORTALEZA,CEARÁ,BRASIL
12213,"SERVIÇOS DE MANUTENÇÃO PREVENTIVA E CORRETIVA EM PRÉDIOS PÚBLICOS - SOP - SUPERINTENDÊNCIA DE OBRAS PÚBLICAS - MANUTENÇÃO NA 3ª COMPANHIA DE BOMBEIROS, 4ª CIA/2ª BBM, ICARAÍ.",CAUCAIA,CEARÁ,BRASIL
12212,"SERVIÇOS DE MANUTENÇÃO PREVENTIVA E CORRETIVA EM PRÉDIOS PÚBLICOS - SOP - SUPERINTENDÊNCIA DE OBRAS PÚBLICAS - MANUTENÇÃO NA 4ª COMPANHIA DE BOMBEIROS - 4ª CIA/2º BBM- PECÉM.",SÃO GONÇALO DO AMARANTE,CEARÁ,BRASIL
12211,"SERVIÇOS DE MANUTENÇÃO PREVENTIVA E CORRETIVA EM PRÉDIOS PÚBLICOS - SOP - SUPERINTENDÊNCIA DE OBRAS PÚBLICAS - MANUTENÇÃO NA 2ª COMPANHIA - 2ª CIA/1ª BBM QUARTEL - MUCURIPE.",FORTALEZA,CEARÁ,BRASIL
12210,"SERVIÇOS DE MANUTENÇÃO PREVENTIVA E CORRETIVA EM PRÉDIOS PÚBLICOS - SOP - SUPERINTENDÊNCIA DE OBRAS PÚBLICAS - MANUTENÇÃO NA ESTAÇÃO ECOLÓGICA DO PÉCEM.",SÃO GONÇALO DO AMARANTE,CEARÁ,BRASIL
12209,"SERVIÇOS DE MANUTENÇÃO PREVENTIVA E CORRETIVA EM PRÉDIOS PÚBLICOS - SOP - SUPERINTENDÊNCIA DE OBRAS PÚBLICAS - MANUTENÇÃO NO CODE - COMPLEXO DE DELEGACIAS ESPECIALIZADAS.",FORTALEZA,CEARÁ,BRASIL
12208,"SERVIÇOS DE MANUTENÇÃO PREVENTIVA E CORRETIVA EM PRÉDIOS PÚBLICOS - SOP - SUPERINTENDÊNCIA DE OBRAS PÚBLICAS - MANUTENÇÃO NO PRÉDIO DO CORE - COORDENADORIA DE OPERAÇÕES E RECURSOS ESPECIAIS.",FORTALEZA,CEARÁ,BRASIL
12207,"SERVIÇOS DE MANUTENÇÃO PREVENTIVA E CORRETIVA EM PRÉDIOS PÚBLICOS - SOP - SUPERINTENDÊNCIA DE OBRAS PÚBLICAS - MANUTENÇÃO NA DELEGACIA METROPOLITANA DE HORIZONTE - CE.",HORIZONTE,CEARÁ,BRASIL
12206,"SERVIÇOS DE MANUTENÇÃO PREVENTIVA E CORRETIVA EM PRÉDIOS PÚBLICOS - SOP - SUPERINTENDÊNCIA DE OBRAS PÚBLICAS - MANUTENÇÃO NA DRFVC - DELEGACIA DE ROUBOS E FURTOS DE VEÍCULOS E CARGAS.",FORTALEZA,CEARÁ,BRASIL
12205,"SERVIÇOS DE MANUTENÇÃO PREVENTIVA E CORRETIVA EM PRÉDIOS PÚBLICOS - SOP - SUPERINTENDÊNCIA DE OBRAS PÚBLICAS - MANUTENÇÃO NO DHPP - DEPARTAMENTO DE HOMICÍDIOS E PROTEÇÃO À PESSOA.",FORTALEZA,CEARÁ,BRASIL
12204,"SERVIÇOS DE MANUTENÇÃO PREVENTIVA E CORRETIVA EM PRÉDIOS PÚBLICOS - SOP - SUPERINTENDÊNCIA DE OBRAS PÚBLICAS - MANUTENÇÃO NO PRÉDIO DA DG - DELEGACIA GERAL DA POLÍCIA CIVIL.",FORTALEZA,CEARÁ,BRASIL
12203,"SERVIÇOS DE MANUTENÇÃO PREVENTIVA E CORRETIVA EM PRÉDIOS PÚBLICOS - SOP - SUPERINTENDÊNCIA DE OBRAS PÚBLICAS - MANUTENÇÃO NO 18º DISTRITO POLICIAL.",FORTALEZA,CEARÁ,BRASIL
12202,"SERVIÇOS DE MANUTENÇÃO PREVENTIVA E CORRETIVA EM PRÉDIOS PÚBLICOS - SOP - SUPERINTENDÊNCIA DE OBRAS PÚBLICAS - MANUTENÇÃO NA CGD - CONTROLADORIA GERAL DE DISCIPLINAS DOS ÓRGÃOS DE SEGURANÇA PÚBLICA.",FORTALEZA,CEARÁ,BRASIL
12201,"SERVIÇOS DE MANUTENÇÃO PREVENTIVA E CORRETIVA EM PRÉDIOS PÚBLICOS - SOP - SUPERINTENDÊNCIA DE OBRAS PÚBLICAS - MANUTENÇÃO NO SUBSOLO DO BLOCO 01 DA SSPDS 01 EM FORTALEZA - CE.",FORTALEZA,CEARÁ,BRASIL
12200,"SERVIÇOS DE MANUTENÇÃO PREVENTIVA E CORRETIVA EM PRÉDIOS PÚBLICOS - SOP - SUPERINTENDÊNCIA DE OBRAS PÚBLICAS - MANUTENÇÃO NO PARQUE DO COCÓ , FACE DE CRISTO E SÃO JOÃO DO TAUAPE.",FORTALEZA,CEARÁ,BRASIL
12199,"SERVIÇOS DE MANUTENÇÃO PREVENTIVA E CORRETIVA EM PRÉDIOS PÚBLICOS - SOP - SUPERINTENDÊNCIA DE OBRAS PÚBLICAS - MANUTENÇÃO NA EEMTI PROFESSORA BALBINA JUCÁ DE ALBUQUERQUE, FORTALEZA - CE",FORTALEZA,CEARÁ,BRASIL
12198,"SERVIÇOS DE MANUTENÇÃO PREVENTIVA E CORRETIVA EM PRÉDIOS PÚBLICOS - SOP - SUPERINTENDÊNCIA DE OBRAS PÚBLICAS - MANUTENÇÃO NA EEMTI ANTÔNIO BEZERRA, FORTALEZA - CE",FORTALEZA,CEARÁ,BRASIL
12197,"SERVIÇOS DE MANUTENÇÃO PREVENTIVA E CORRETIVA EM PRÉDIOS PÚBLICOS - SOP - SUPERINTENDÊNCIA DE OBRAS PÚBLICAS - MANUTENÇÃO NA 5ª SEÇÃO DE BOMBEIROS - 5º SB/1ª GB DO QUARTEL CONJ. CEARÁ.",FORTALEZA,CEARÁ,BRASIL
12196,"SERVIÇOS DE MANUTENÇÃO PREVENTIVA E CORRETIVA EM PRÉDIOS PÚBLICOS - SOP - SUPERINTENDÊNCIA DE OBRAS PÚBLICAS - MANUTENÇÃO NA DENARC - DIVISÃO DE COMBATE AO TRÁFICO DE DROGAS.",FORTALEZA,CEARÁ,BRASIL
12195,"SERVIÇOS DE MANUTENÇÃO PREVENTIVA E CORRETIVA EM PRÉDIOS PÚBLICOS - SOP - SUPERINTENDÊNCIA DE OBRAS PÚBLICAS - MANUTENÇÃO NO PISO DO PRÉDIO DA SEJUV.",FORTALEZA,CEARÁ,BRASIL
12194,"SERVIÇOS DE MANUTENÇÃO PREVENTIVA E CORRETIVA EM PRÉDIOS PÚBLICOS - SOP - SUPERINTENDÊNCIA DE OBRAS PÚBLICAS - MANUTENÇÃO NO HOSPITAL MENTAL - COBERTAS, SERVIÇOS DE PINTURA E RECUPERAÇÃO DE FORRO.",FORTALEZA,CEARÁ,BRASIL
12193,"SERVIÇOS DE MANUTENÇÃO PREVENTIVA E CORRETIVA EM PRÉDIOS PÚBLICOS - SOP - SUPERINTENDÊNCIA DE OBRAS PÚBLICAS - MANUTENÇÃO NO HOSPITAL DO CORAÇÃO - COBERTA (CENTRO CIRÚRGICO, SPE E ENFERMAGEM), FORTALEZA - CE",FORTALEZA,CEARÁ,BRASIL
12192,"SERVIÇOS DE MANUTENÇÃO PREVENTIVA E CORRETIVA EM PRÉDIOS PÚBLICOS - SOP - SUPERINTENDÊNCIA DE OBRAS PÚBLICAS - MANUTENÇÃO NA SUBESTAÇÃO DOS PRÉDIOS QUE COMPÕEM A SECRETARIA DE PROTEÇÃO SOCIAL - SPS, FORTALEZA - CE",FORTALEZA,CEARÁ,BRASIL
12191,"SERVIÇOS DE MANUTENÇÃO PREVENTIVA E CORRETIVA EM PRÉDIOS PÚBLICOS - SOP - SUPERINTENDÊNCIA DE OBRAS PÚBLICAS - MANUTENÇÃO NO HOSPITAL DO CORAÇÃO - POSTO 3, 4 E ENFERMARIA, FORTALEZA - CE",FORTALEZA,CEARÁ,BRASIL
12190,"SERVIÇOS DE MANUTENÇÃO PREVENTIVA E CORRETIVA EM PRÉDIOS PÚBLICOS - SOP - SUPERINTENDÊNCIA DE OBRAS PÚBLICAS - MANUTENÇÃO NO PRÉDIO DA UECEVEST DO CAMPOS DO ITAPERI DA UECE, FORTALEZA - CE",FORTALEZA,CEARÁ,BRASIL
12189,"SERVIÇOS DE MANUTENÇÃO PREVENTIVA E CORRETIVA EM PRÉDIOS PÚBLICOS - SOP - SUPERINTENDÊNCIA DE OBRAS PÚBLICAS - MANUTENÇÃO NO COMANDO LOGÍSTICO DA PMCE (COLOG), FORTALEZA - CE",FORTALEZA,CEARÁ,BRASIL
12188,"SERVIÇOS DE MANUTENÇÃO PREVENTIVA E CORRETIVA EM PRÉDIOS PÚBLICOS - SOP - SUPERINTENDÊNCIA DE OBRAS PÚBLICAS - MANUTENÇÃO NA COBERTA DA ESCOLA EEM DOM ALOÍSIO LORSHEIDER, CAUCAIA - CE",CAUCAIA,CEARÁ,BRASIL
12187,"SERVIÇOS DE MANUTENÇÃO PREVENTIVA E CORRETIVA EM PRÉDIOS PÚBLICOS - SOP - SUPERINTENDÊNCIA DE OBRAS PÚBLICAS - MANUTENÇÃO NO BLOCO PPCCLIS DA UECE",FORTALEZA,CEARÁ,BRASIL
12186,"SERVIÇOS DE MANUTENÇÃO PREVENTIVA E CORRETIVA EM PRÉDIOS PÚBLICOS - SOP - SUPERINTENDÊNCIA DE OBRAS PÚBLICAS - MANUTENÇÃO NA COBERTA DA EEFM MARIA HUGO CIDRACK DO VALE, NA RUA DR. PERIGUARI, 547, ANTONIO BEZERRA, FORTALEZA - CE",FORTALEZA,CEARÁ,BRASIL
12185,"SERVIÇOS DE MANUTENÇÃO PREVENTIVA E CORRETIVA EM PRÉDIOS PÚBLICOS - SOP - SUPERINTENDÊNCIA DE OBRAS PÚBLICAS - MANUTENÇÃO NO PARQUE BOTÂNICO ESTADUAL DO CEARÁ",CAUCAIA,CEARÁ,BRASIL
12184,"SERVIÇOS DE MANUTENÇÃO PREVENTIVA E CORRETIVA EM PRÉDIOS PÚBLICOS - SOP - SUPERINTENDÊNCIA DE OBRAS PÚBLICAS - MANUTENÇÃO NA COBERTA EEMTI PROF. PAULO FREIRE, FORTALEZA - CE",FORTALEZA,CEARÁ,BRASIL
12183,"SERVIÇOS DE MANUTENÇÃO PREVENTIVA E CORRETIVA EM PRÉDIOS PÚBLICOS - SOP - SUPERINTENDÊNCIA DE OBRAS PÚBLICAS - MANUTENÇÃO NO BLOCO DA PALEONTOLOGIA DA UECE.,FORTALEZA,CEARÁ",BRASIL
12182,"SERVIÇOS DE MANUTENÇÃO PREVENTIVA E CORRETIVA EM PRÉDIOS PÚBLICOS - SOP - SUPERINTENDÊNCIA DE OBRAS PÚBLICAS - MANUTENÇÃO NA SALA DE LEITURA E NOS BANHEIROS DO CESA - UECE.",FORTALEZA,CEARÁ,BRASIL
12180,"SERVIÇOS DE MANUTENÇÃO PREVENTIVA E CORRETIVA EM PRÉDIOS PÚBLICOS - SOP - SUPERINTENDÊNCIA DE OBRAS PÚBLICAS - MANUTENÇÃO NO LABORATÓRIO PRAE DA UECE, FORTALEZA - CE",FORTALEZA,CEARÁ,BRASIL
12179,"SERVIÇOS DE MANUTENÇÃO PREVENTIVA E CORRETIVA EM PRÉDIOS PÚBLICOS - SOP - SUPERINTENDÊNCIA DE OBRAS PÚBLICAS - MANUTENÇÃO NA GALERIA DE ÁGUAS PLUVIAIS DO BLOCO S DA UECE, FORTALEZA - CE",FORTALEZA,CEARÁ,BRASIL
12178,"SERVIÇOS DE MANUTENÇÃO PREVENTIVA E CORRETIVA EM PRÉDIOS PÚBLICOS - SOP - SUPERINTENDÊNCIA DE OBRAS PÚBLICAS - MANUTENÇÃO NA EEFM ROTARY CLUB SÃO MIGUEL.",CAUCAIA,CEARÁ,BRASIL
12177,"SERVIÇOS DE MANUTENÇÃO PREVENTIVA E CORRETIVA EM PRÉDIOS PÚBLICOS - SOP - SUPERINTENDÊNCIA DE OBRAS PÚBLICAS - MANUTENÇÃO NO ISSEC- INSTITUTO DE SAÚDE DOS SERVIDORES DO ESTADO DO CEARÁ, FORTALEZA - CE",FORTALEZA,CEARÁ,BRASIL
12176,"SERVIÇOS DE MANUTENÇÃO PREVENTIVA E CORRETIVA EM PRÉDIOS PÚBLICOS - SOP - SUPERINTENDÊNCIA DE OBRAS PÚBLICAS - MANUTENÇÃO NA ETICE - EMPRESA DE INFORMAÇÃO DO CEARÁ, FORTALEZA - CE",FORTALEZA,CEARÁ,BRASIL
12175,"SERVIÇOS DE MANUTENÇÃO PREVENTIVA E CORRETIVA EM PRÉDIOS PÚBLICOS - SOP - SUPERINTENDÊNCIA DE OBRAS PÚBLICAS - MANUTENÇÃO NO PRÉDIO DO SAMU, NO MUNICÍPIO DE EUSÉBIO - CE",EUSÉBIO,CEARÁ,BRASIL
12174,"SERVIÇOS DE MANUTENÇÃO PREVENTIVA E CORRETIVA EM PRÉDIOS PÚBLICOS - SOP - SUPERINTENDÊNCIA DE OBRAS PÚBLICAS - MANUTENÇÃO NA OFICINA NO DISTRITO OPERACIONAL DA SOP , EM MARANGUAPE - CE",MARANGUAPE,CEARÁ,BRASIL
12173,"SERVIÇOS DE MANUTENÇÃO PREVENTIVA E CORRETIVA EM PRÉDIOS PÚBLICOS - SOP - SUPERINTENDÊNCIA DE OBRAS PÚBLICAS - MANUTENÇÃO NAS INSTALAÇÕES ELÉTRICA, LÓGICAS E REDE FRIGORÍFICA NA SEDE DA SECRETARIA DE DIREITOS HUMANOS, FORTALEZA - CE",FORTALEZA,CEARÁ,BRASIL
12172,"SERVIÇOS DE MANUTENÇÃO PREVENTIVA E CORRETIVA EM PRÉDIOS PÚBLICOS - SOP - SUPERINTENDÊNCIA DE OBRAS PÚBLICAS - MANUTENÇÃO NO CEO JOAQUIM TÁVORA, SERVIÇOS DIVERSOS, FORTALEZA CE",FORTALEZA,CEARÁ,BRASIL
12171,"SERVIÇOS DE MANUTENÇÃO PREVENTIVA E CORRETIVA EM PRÉDIOS PÚBLICOS - SOP - SUPERINTENDÊNCIA DE OBRAS PÚBLICAS - MANUTENÇÃO NO HOSPITAL DO CORAÇÃO, EMERGÊNCIA, EM FORTALEZA - CE",FORTALEZA,CEARÁ,BRASIL
12170,"SERVIÇOS DE MANUTENÇÃO PREVENTIVA E CORRETIVA EM PRÉDIOS PÚBLICOS - SOP - SUPERINTENDÊNCIA DE OBRAS PÚBLICAS - MANUTENÇÃO NA ESCOLA DE GESTÃO DE SAÚDE PÚBLICA (DIVERSOS SERVIÇOS), EM FORTALEZA - CE",FORTALEZA,CEARÁ,BRASIL
12169,"SERVIÇOS DE MANUTENÇÃO PREVENTIVA E CORRETIVA EM PRÉDIOS PÚBLICOS - SOP - SUPERINTENDÊNCIA DE OBRAS PÚBLICAS - MANUTENÇÃO NO HOSPITAL DO CORAÇÃO, SALA 02, EM FORTALEZA/CE,",FORTALEZA,CEARÁ,BRASIL
12168,"SERVIÇOS DE MANUTENÇÃO PREVENTIVA E CORRETIVA EM PRÉDIOS PÚBLICOS - SOP - SUPERINTENDÊNCIA DE OBRAS PÚBLICAS - MANUTENÇÃO NO BATALHÃO ESPECIALIZADO DE POLICIAMENTO DO INTERIOR – BEPI COTAR, SITUADO NA RODOVIA CE-065, KM 8 9999, JAÇANAÚ, MARACANAÚ - CE",FORTALEZA,CEARÁ,BRASIL
12167,"SERVIÇOS DE MANUTENÇÃO PREVENTIVA E CORRETIVA EM PRÉDIOS PÚBLICOS - SOP - SUPERINTENDÊNCIA DE OBRAS PÚBLICAS - MANUTENÇÃO NO BP RAIO, LOCALIZADO NO MUNICÍPIO DE FORTALEZA - CE",FORTALEZA,CEARÁ,BRASIL
12166,"SERVIÇOS DE MANUTENÇÃO PREVENTIVA E CORRETIVA EM PRÉDIOS PÚBLICOS - SOP - SUPERINTENDÊNCIA DE OBRAS PÚBLICAS - MANUTENÇÃO NA 2ª CIA/1ºBPRAIO – COBERTA, INSTALAÇÕES ELÉTRICAS E PINTURA, FORTALEZA - CE",FORTALEZA,CEARÁ,BRASIL
12165,"SERVIÇOS DE MANUTENÇÃO PREVENTIVA E CORRETIVA EM PRÉDIOS PÚBLICOS - SOP - SUPERINTENDÊNCIA DE OBRAS PÚBLICAS - MANUTENÇÃO NO CENTRO CIRÚRGICO DO HOSPITAL DO CORAÇÃO, FORTALEZA - CE",FORTALEZA,CEARÁ,BRASIL
12164,"SERVIÇOS DE MANUTENÇÃO PREVENTIVA E CORRETIVA EM PRÉDIOS PÚBLICOS - SOP - SUPERINTENDÊNCIA DE OBRAS PÚBLICAS -  MANUTENÇÃO NO MUSEU DO ESTÁDIO PLÁCIDO ADERALDO CASTELO BRANCO (“CASTELÃO”), 1º ETAPA, MUNICÍPIO DE FORTALEZA - CE",FORTALEZA,CEARÁ,BRASIL
12163,"SERVIÇOS DE MANUTENÇÃO PREVENTIVA E CORRETIVA EM PRÉDIOS PÚBLICOS - SOP - SUPERINTENDÊNCIA DE OBRAS PÚBLICAS - MANUTENÇÃO NA ESCOLA DE SAÚDE PÚBLICA DO CEARÁ - ESP,  FORTALEZA -CE",FORTALEZA,CEARÁ,BRASIL
12162,"SERVIÇOS DE MANUTENÇÃO PREVENTIVA E CORRETIVA EM PRÉDIOS PÚBLICOS - SOP - SUPERINTENDÊNCIA DE OBRAS PÚBLICAS  - MANUTENÇÃO NAS FACHADAS DO PRÉDIO DA PROCURADORIA GERAL DO ESTADO DO CEARÁ – PGE, FORTALEZA - CE",FORTALEZA,CEARÁ,BRASIL
12161,"SERVIÇOS DE MANUTENÇÃO PREVENTIVA E CORRETIVA EM PRÉDIOS PÚBLICOS - SOP - SUPERINTENDÊNCIA DE OBRAS PÚBLICAS - MANUTENÇÃO NO HOSPITAL DO CORAÇÃO – ALMOXARIFADO, EM FORTALEZA - CE",FORTALEZA,CEARÁ,BRASIL
12160,"SERVIÇOS DE MANUTENÇÃO PREVENTIVA E CORRETIVA EM PRÉDIOS PÚBLICOS - SOP - SUPERINTENDÊNCIA DE OBRAS PÚBLICAS - MANUTENÇÃO NO STAND DE TIRO DA POLÍCIA MILITAR - 14º BPM EM MARACANAÚ - CE",MARACANAÚ,CEARÁ,BRASIL
12159,"SERVIÇOS DE MANUTENÇÃO PREVENTIVA E CORRETIVA EM PRÉDIOS PÚBLICOS - SOP - SUPERINTENDÊNCIA DE OBRAS PÚBLICAS - MANUTENÇÃO NO CENTRO INTEGRADO DE SEGURANÇA PÚBLICA - CISP, FORTALEZA - CE",FORTALEZA,CEARÁ,BRASIL
12158,"SERVIÇOS DE MANUTENÇÃO PREVENTIVA E CORRETIVA EM PRÉDIOS PÚBLICOS - SOP - SUPERINTENDÊNCIA DE OBRAS PÚBLICAS - MANUTENÇÃO NO IPC - INSTITUTO DE PREVENÇÃO DO CÂNCER DO CEARÁ, FORTALEZA - CE",FORTALEZA,CEARÁ,BRASIL
12157,"SERVIÇOS DE MANUTENÇÃO PREVENTIVA E CORRETIVA EM PRÉDIOS PÚBLICOS - SOP - SUPERINTENDÊNCIA DE OBRAS PÚBLICAS - MANUTENÇÃO NO HOSPITAL DO CORAÇÃO BLOCO B E C - PINTURA, COBERTA, ELÉTRICA E RECUPERAÇÃO ESTRUTURAL, FORTALEZA - CE",FORTALEZA,CEARÁ,BRASIL
12156,"SERVIÇOS DE MANUTENÇÃO PREVENTIVA E CORRETIVA EM PRÉDIOS PÚBLICOS - SOP - SUPERINTENDÊNCIA DE OBRAS PÚBLICAS - MANUTENÇÃO NO CHOQUE - COMPANHIA DE POLICIAMENTO DE EVENTOS, FORTALEZA - CE",FORTALEZA,CEARÁ,BRASIL
12155,"SERVIÇOS DE MANUTENÇÃO PREVENTIVA E CORRETIVA EM PRÉDIOS PÚBLICOS - SOP - SUPERINTENDÊNCIA DE OBRAS PÚBLICAS - MANUTENÇÃO NO ANTIGO QUARTEL CENTRAL DO CORPO DE BOMBEIROS - 1ª CIA E DEFESA CIVIL , FORTALEZA - CE",FORTALEZA,CEARÁ,BRASIL
12154,"SERVIÇOS DE MANUTENÇÃO PREVENTIVA E CORRETIVA EM PRÉDIOS PÚBLICOS - SOP - SUPERINTENDÊNCIA DE OBRAS PÚBLICAS - MANUTENÇÃO NO AUDITÓRIO DO CESA DA UECE, FORTALEZA - CE.",FORTALEZA,CEARÁ,BRASIL
12153,"SERVIÇOS DE MANUTENÇÃO PREVENTIVA E CORRETIVA EM PRÉDIOS PÚBLICOS - SOP - SUPERINTENDÊNCIA DE OBRAS PÚBLICAS - MANUTENÇÃO NO CENTRO ADMINISTRATIVO DA PGE - RECUPERAÇÃO DA CAIXA D ÁGUA, RECEPÇÃO E GUARITAS.",FORTALEZA,CEARÁ,BRASIL
12152,"SERVIÇOS DE MANUTENÇÃO PREVENTIVA E CORRETIVA EM PRÉDIOS PÚBLICOS - SOP - SUPERINTENDÊNCIA DE OBRAS PÚBLICAS - MANUTENÇÃO PREDIAL NA CPPL IV,",ITAITINGA,CEARÁ,BRASIL
12151,"SERVIÇOS DE MANUTENÇÃO PREVENTIVA E CORRETIVA EM PREDIOS PÚBLICOS - SOP - SUPERINTENDÊNCIA DE OBRAS PÚBLICAS - MANUTENÇÃO PREDIAL NO 19º BATALHÃO DA POLICIA MILITAR, FORTALEZA - CE",FORTALEZA,CEARÁ,BRASIL
12150,"SERVIÇOS DE MANUTENÇÃO PREVENTIVA E CORRETIVA EM PRÉDIOS PÚBLICOS - SOP - SUPERINTENDÊNCIA DE OBRAS PÚBLICAS - MANUTENÇÃO NO MURO DO CISP - CENTRO INTEGRADO DE SEGURANÇA PÚBLICA, FORTALEZA - CE.",FORTALEZA,CEARÁ,BRASIL
12148,"SERVIÇOS DE MANUTENÇÃO PREVENTIVA E CORRETIVA EM PRÉDIOS PÚBLICOS - SOP - SUPERINTENDÊNCIA DE OBRAS PÚBLICAS -  INSTALAÇÕES FÍSICAS PREDIAIS NO POSTO FISCAL DA SEFAZ DE IPAUMIRIM - CE.",IPAUMIRIM,CEARÁ,BRASIL
12147,"EXECUÇÃO DE 01 (UMA) BRINQUEDOPRAÇAS NA REGIÃO DO SERTÃO VALE DO JAGUARIBE, COM ÁREA ÚTIL DE 250M², DEMOLIÇÃO, INSTALAÇÃO E MONTAGEM DE BRINQUEDOS NO ESTADO DO CEARÁ, PRAÇA MAIS INFÂNCIA, NO MUNICÍPIO DE PEDRA BRANCA - CE",PEDRA BRANCA,CEARÁ,BRASIL
12146,"EXECUÇÃO DE 01 (UMA) BRINQUEDOPRAÇAS NA REGIÃO DA GRANDE FORTALEZA, COM ÁREA ÚTIL DE 250M², DEMOLIÇÃO, INSTALAÇÃO E MONTAGEM DE BRINQUEDOS NO ESTADO DO CEARÁ, LAGOA DO CEDRO, NO MUNICÍPIO DE CHOROZINHO - CE",CHOROZINHO,CEARÁ,BRASIL
12124,"CONSTRUÇÃO DO CENTRO DE EDUCAÇÃO INFANTIL - CEI, NO MUNICÍPIO DE MERUOCA - CE",MERUOCA,CEARÁ,BRASIL
12118,"SERVIÇOS DE MANUTENÇÃO PREVENTIVA E CORRETIVA EM PREDIOS PÚBLICOS - SOP - SUPERINTENDÊNCIA DE OBRAS PÚBLICAS - MANUTENÇÃO NA COBERTA DO CENTRO DE CONVIVÊNCIA DA SEPLAG - FORTALEZA - CE.",FORTALEZA,CEARÁ,BRASIL
12117,"OBRA DE SUBESTAÇÃO DO CONSELHO ESTADUAL DE EDUCAÇÃO, NO MUNICÍPIO DE FORTALEZA - CE",FORTALEZA,CEARÁ,BRASIL
12116,"SERVIÇOS DE MANUTENÇÃO PREVENTIVA E CORRETIVA EM PRÉDIOS PÚBLICOS - DETRAN - DEPARTAMENTO ESTADUAL DE TRÂNSITO - MANUTENÇÃO NOS BANHEIROS COLETIVOS LOCALIZADOS NO DETRAN SEDE, LOCALIZADO NA MARAPONGA, , NO MUNICÍPIO DE FORTALEZA - CE",FORTALEZA,CEARÁ,BRASIL
12115,"SERVIÇOS DE MANUTENÇÃO PREVENTIVA E CORRETIVA EM PRÉDIOS PÚBLICOS - DETRAN - DEPARTAMENTO ESTADUAL DE TRÂNSITO - MANUTENÇÃO NA SALA DA ENGENHARIA - BLOCO J DO DETRAN/CE - SEDE, LOCALIZADO NA MARAPONGA, NO MUNICÍPIO DE FORTALEZA - CE",FORTALEZA,CEARÁ,BRASIL
12110,"SERVIÇOS DE MANUTENÇÃO PREVENTIVA E CORRETIVA EM PRÉDIOS PÚBLICOS - SOP - SUPERINTENDÊNCIA DE OBRA PÚBLICAS - MANUTENÇÃO NO PRÉDIO DO DETIC - UECE (UNIVERSIDADE CAMPUS DO ITAPERI), FORTALEZA  - CE.",FORTALEZA,CEARÁ,BRASIL
12109,"SERVIÇOS DE MANUTENÇÃO PREVENTIVA E CORRETIVA EM PRÉDIOS PÚBLICOS - SOP - SUPERINTENDÊNCIA DE OBRAS PÚBLICAS - MANUTENÇÃO NO PRÉDIO DO BATALHÃO DA PM NO MUNICÍPIO DE ICÓ - CE",ICÓ,CEARÁ,BRASIL
12108,"SERVIÇOS DE MANUTENÇÃO PREVENTIVA E CORRETIVA EM PRÉDIOS PÚBLICOS - SOP - SUPERINTENDÊNCIA DE OBRAS PÚBLICAS - MANUTENÇÃO NO BATALHÃO DE BUSCA E SALVAMENTO - BBS - NO MUNICÍPIO DE FORTALEZA - CE",FORTALEZA,CEARÁ,BRASIL
12107,"SERVIÇOS DE MANUTENÇÃO PREVENTIVA E CORRETIVA EM PRÉDIOS PÚBLICOS - SOP - SUPERINTENDÊNCIA DE OBRAS PÚBLICAS -  MANUTENÇÕES NA VILA OLÍMPICA DO GENIBAÚ, NO MUNICÍPIO DE FORTALEZA - CE",FORTALEZA,CEARÁ,BRASIL
12106,"SERVIÇOS DE MANUTENÇÃO PREVENTIVA E CORRETIVA EM PRÉDIOS PÚBLICOS - SOP - SUPERINTENDÊNCIA DE OBRAS PÚBLICAS - MANUTENÇÃO NA UPA - CONJUNTO CEARÁ, NO MUNICÍPIO DE FORTALEZA - CE",FORTALEZA,CEARÁ,BRASIL
12105,"SERVIÇOS DE MANUTENÇÃO PREVENTIVA E CORRETIVA EM PRÉDIOS PÚBLICOS - SOP - SUPERINTENDÊNCIA DE OBRAS PÚBLICAS - COBERTAS (LICITAÇÃO, ADM PGE, CÉLULA DIVIDA ATIVA E TRANSPORTE) DA PROCURADORIA GERAL DO ESTADO - PGE - MUNICÍPIO DE FORTALEZA - CE.",FORTALEZA,CEARÁ,BRASIL
12104,"SERVIÇOS DE MANUTENÇÃO PREVENTIVA E CORRETIVA EM PRÉDIOS PÚBLICOS - SOP - SUPERINTENDÊNCIA DE OBRAS PÚBLICAS -  MANUTENÇÃO NO BATALHÃO DA POLÍCIA MILITAR E RAIO DE IGUATU - CE.",IGUATU,CEARÁ,BRASIL
12100,"SERVIÇOS DE MANUTENÇÃO PREVENTIVA E CORRETIVA EM PRÉDIOS PÚBLICOS - SOP - SUPERINTENDÊNCIA DE OBRAS PÚBLICAS - INSTALAÇÕES ELÉTRICAS E NAS COBERTAS DA PROCURADORIA GERAL DO ESTADO -  PGE - MUNICÍPIO DE FORTALEZA - CE.",FORTALEZA,CEARÁ,BRASIL
12090,"EXECUÇÃO DE 01 (UMA) BRINQUEDOPRAÇAS NA REGIÃO DO VALE DO CURU, COM ÁREA ÚTIL DE 250M², DEMOLIÇÃO, INSTALAÇÃO E MONTAGEM DE BRINQUEDOS NO ESTADO DO CEARÁ, BAIRRO SERRINHA, NO MUNICÍPIO DE FORTALEZA - CE",FORTALEZA,CEARÁ,BRASIL
12088,"SERVIÇOS DE MANUTENÇÃO PREVENTIVA E CORRETIVA EM PRÉDIOS PÚBLICOS - SOP - SUPERINTENDÊNCIA DE OBRA PÚBLICAS - READEQUAÇÃO DO LAYOUT DA SOP - PAVIMENTO SUPERIOR",FORTALEZA,CEARÁ,BRASIL
12087,"SERVIÇOS DE MANUTENÇÃO PREVENTIVA E CORRETIVA EM PRÉDIOS PÚBLICOS - SOP - SUPERINTENDÊNCIA DE OBRAS PÚBLICAS - MANUTENÇÃO NO CENTRO CULTURAL BOM JARDIM, NO MUNICÍPIO DE FORTALEZA- CE.",FORTALEZA,CEARÁ,BRASIL
12086,"SERVIÇOS DE MANUTENÇÃO PREVENTIVA E CORRETIVA EM PRÉDIO PÚBLICOS - FUNCAP - MANUTENÇÃO NAS INSTALAÇÕES INTERNAS DA SEDE DA FUNCAP - INSTALAÇÃO HIDRÁULICAS, ELÉTRICAS E PINTURAS.",FORTALEZA,CEARÁ,BRASIL
12081,"SERVIÇOS DE MANUTENÇÃO PREVENTIVA E CORRETIVA EM PRÉDIOS PÚBLICOS - SOP - SUPERINTENDÊNCIA DE OBRAS PÚBLICAS - 1ª CIA - 21 BPM, NO MUNICÍPIO DE FORTALEZA - CE",FORTALEZA,CEARÁ,BRASIL
9979,"CONSTRUÇÃO DO CENTRO DE EDUCAÇÃO INFANTIL, CEI - NO MUNICÍPIO DE TURURU – CE.",TURURU,CEARÁ,BRASIL
9974,"CONSTRUÇÃO DO CENTRO DE EDUCAÇÃO INFANTIL, CEI - NO MUNICÍPIO DE APUIARÉS – CE.",APUIARÉS,CEARÁ,BRASIL
9971,"CONSTRUÇÃO DE UMA EEEP, CONFORME PROJETO PADRÃO DA EEM TIPO II, COM 02 (DOIS) LABORATÓRIOS ESPECIAIS NO BAIRRO PALHANO, NO MUNICÍPIO DE SOBRAL - CE",SOBRAL,CEARÁ,BRASIL
9961,"CONSTRUÇÃO DO CENTRO DE EDUCAÇÃO INFANTIL, CEI - NO MUNICÍPIO DE MULUNGU – CE.",MULUNGU,CEARÁ,BRASIL
9955,"CONSTRUÇÃO DO CENTRO DE EDUCAÇÃO INFANTIL - CEI, NO MUNICÍPIO DE CARIÚS - CE",CARIÚS,CEARÁ,BRASIL
9952,"CONSTRUÇÃO DO CENTRO DE EDUCAÇÃO INFANTIL - CEI, NO MUNICÍPIO DE GRAÇA - CE",GRAÇA,CEARÁ,BRASIL
9949,"CONSTRUÇÃO DO CENTRO DE EDUCAÇÃO INFANTIL - CEI, NO MUNICÍPIO DE CHAVAL - CE",CHAVAL,CEARÁ,BRASIL
9946,"CONSTRUÇÃO DO CENTRO DE EDUCAÇÃO INFANTIL - CEI, NO MUNICÍPIO DE MORADA NOVA - CE",MORADA NOVA,CEARÁ,BRASIL
9944,"CONSTRUÇÃO DO CENTRO DE EDUCAÇÃO INFANTIL - CEI, NO MUNICÍPIO DE CATARINA - CE",CATARINA,CEARÁ,BRASIL
9943,"CONSTRUÇÃO DO CENTRO DE EDUCAÇÃO INFANTIL - CEI, NO MUNICÍPIO DE ALTANEIRA - CE",ALTANEIRA,CEARÁ,BRASIL
9942,"EXECUÇÃO DE 01 (UMA) BRINQUEDOPRAÇAS NA REGIÃO DA GRANDE FORTALEZA, COM ÁREA ÚTIL DE 250M², DEMOLIÇÃO, INSTALAÇÃO E MONTAGEM DE BRINQUEDOS NO ESTADO DO CEARÁ, NO MUNICÍPIO DE PACAJÚS - CE  ",PACAJUS,CEARÁ,BRASIL
9941,"CONSTRUÇÃO DO CENTRO DE EDUCAÇÃO INFANTIL - CEI, NO MUNICÍPIO DE ABAIARA - CE",ABAIARA,CEARÁ,BRASIL
9940,"CONSTRUÇÃO DO CENTRO DE EDUCAÇÃO INFANTIL - CEI, NO MUNICÍPIO DE SÃO LUIS DO CURÚ - CE",SÃO LUÍS DO CURU,CEARÁ,BRASIL
9822,"CONSTRUÇÃO DE SALAS DE AULA EM 30 (TRINTA) ESCOLAS, EM DIVERSOS MUNICÍPIOS DO ESTADO DO CEARÁ - 03 SALAS NA EEM DEPUTADO FERNANDO MOTA, NO MUNICÍPIO DE TEUJUÇUOCA - CE",TEJUÇUOCA,CEARÁ,BRASIL
9821,"CONSTRUÇÃO DE SALAS DE AULA EM 30 (TRINTA) ESCOLAS, EM DIVERSOS MUNICÍPIOS DO ESTADO DO CEARÁ - 02 SALAS NA EEMTI POETA OTACÍLIO COLARES, NO MUNICÍPIO DE FORTALEZA - CE",FORTALEZA,CEARÁ,BRASIL
9820,"CONSTRUÇÃO DE SALAS DE AULA EM 30 (TRINTA) ESCOLAS, EM DIVERSOS MUNICÍPIOS DO ESTADO DO CEARÁ - 01 SALA NA EEMTI VICENTE ARRUDA, NO MUNICÍPIO DE CAUCAIA - CE",CAUCAIA,CEARÁ,BRASIL
9819,"CONSTRUÇÃO DE SALAS DE AULA EM 30 (TRINTA) ESCOLAS, EM DIVERSOS MUNICÍPIOS DO ESTADO DO CEARÁ - 01 SALA NA EEMTI EUNICE WEAVER, NO MUNICÍPIO DE MARANGUAPE - CE",MARANGUAPE,CEARÁ,BRASIL
9818,"CONSTRUÇÃO DE SALAS DE AULA EM 30 (TRINTA) ESCOLAS, EM DIVERSOS MUNICÍPIOS DO ESTADO DO CEARÁ - 01 SALA NA EEMTI ANCHIETA, NO MUNICÍPIO DE MARANGUAPE - CE",MARANGUAPE,CEARÁ,BRASIL
9811,"CONSTRUÇÃO DE SALAS DE AULA EM 05 (CINCO) ESCOLA EM DIVERSOS MUNICÍPIO DO ESTADO DO CEARÁ - 02 SALAS NA EEM MARIA EMÍLIA RABELO, NO MUNICÍPIO DE MORADA NOVA - CE",MORADA NOVA,CEARÁ,BRASIL
9807,"EXECUÇÃO DE 01 (UMA) BRINQUEDOPRAÇAS NA REGIÃO DO VALE DO CURU, COM ÁREA ÚTIL DE 250M², DEMOLIÇÃO, INSTALAÇÃO E MONTAGEM DE BRINQUEDOS NO ESTADO DO CEARÁ, PALÁCIO DA ABOLIÇÃO, NO MUNICÍPIO DE FORTALEZA - CE",FORTALEZA,CEARÁ,BRASIL
9805,"EXECUÇÃO DE 01 (UMA) BRINQUEDOPRAÇA NA REGIÃO DA SERRA DE IBIAPABA, COM ÁREA ÚTIL DE 250M², DEMOLIÇÃO, INSTALAÇÃO E MONTAGEM DE BRINQUEDOS NO ESTADO DO CEARÁ, JOSÉ EUCLIDES - ETAPA 02, NO MUNICÍPIO DE SOBRAL - CE",SOBRAL,CEARÁ,BRASIL
9804,"EXECUÇÃO DE 01 (UMA) BRINQUEDOPRAÇAS NA REGIÃO DO SERTÃO CENTRAL, COM ÁREA ÚTIL DE 250M², DEMOLIÇÃO, INSTALAÇÃO E MONTAGEM DE BRINQUEDOS NO ESTADO DO CEARÁ, NO MUNICÍPIO DE SENADOR POMPEU - CE",SENADOR POMPEU,CEARÁ,BRASIL
9798,"CONSTRUÇÃO DE SALAS DE AULA CORRESPONDENTE AO LOTE IV - EEM ALAÍDE SILVA SANTOS, NO MUNICÍPIO DE JUAZEIRO DO NORTE - CE",JUAZEIRO DO NORTE,CEARÁ,BRASIL
9789,"CONSTRUÇÃO DE SALAS DE AULA CORRESPONDENTE AO LOTE III - EEMTI MARECHAL HUMBERTO DE ALENCAR CASTELO BRANCO, NO MUNICÍPIO DE PIQUET CARNEIRO - CE",PIQUET CARNEIRO,CEARÁ,BRASIL
9788,"CONSTRUÇÃO DE SALAS DE AULA CORRESPONDENTE AO LOTE III - EEM SENADOR FERNANDES TÁVORA, NO MUNICÍPIO DE ERERÊ - CE",ERERÊ,CEARÁ,BRASIL
9787,"CONSTRUÇÃO DE SALAS DE AULA CORRESPONDENTE AO LOTE III - EEM INSTITUTO IMACULADA CONCEIÇÃO, NO MUNICÍPIO DE JAGUARETAMA - CE",JAGUARETAMA,CEARÁ,BRASIL
9786,"CONSTRUÇÃO DE SALAS DE AULA CORRESPONDENTE AO LOTE III - EEM MARIA DE LOURDES OLIVEIRA, NO MUNICÍPIO DE RUSSAS - CE",RUSSAS,CEARÁ,BRASIL
9785,"CONSTRUÇÃO DE SALAS DE AULA CORRESPONDENTE AO LOTE III - EEM BENI CARVALHO, NO MUNICÍPIO DE ARACATI - CE",ARACATI,CEARÁ,BRASIL
9784,"CONSTRUÇÃO DE SALAS DE AULA CORRESPONDENTE AO LOTE III - EEMTI JOÃO ALVES MOREIRA –  ANEXO IDEAL, NO MUNICÍPIO DE ARACOIABA - CE",ARACOIABA,CEARÁ,BRASIL
9783,"CONSTRUÇÃO DE SALAS DE AULA CORRESPONDENTE AO LOTE III - EEMTI JOÃO ALVES MOREIRA - SEDE, NO MUNICÍPIO DE ARACOIABA - CE",ARACOIABA,CEARÁ,BRASIL
9782,"CONSTRUÇÃO DE SALAS DE AULA CORRESPONDENTE AO LOTE II - EEM FRANCISCO SOARES DE OLIVEIRA, NO MUNICÍPIO DE PIRES FERREIRA - CE",PIRES FERREIRA,CEARÁ,BRASIL
9781,"CONSTRUÇÃO DE SALAS DE AULA CORRESPONDENTE AO LOTE II - EEM WILEBALDO AGUIAR, NO MUNICÍPIO DE MASSAPÊ - CE",MASSAPÊ,CEARÁ,BRASIL
9780,"CONSTRUÇÃO DE SALAS DE AULA CORRESPONDENTE AO LOTE II - EEMTI AGOSTINHO NERES PORTELA, NO MUNICÍPIO DE SOBRAL - CE",SOBRAL,CEARÁ,BRASIL
9779,"CONSTRUÇÃO DE SALAS DE AULA CORRESPONDENTE AO LOTE II - EEEM DIRETORA MARIA DILMA BASTOS FERREIRA, NO MUNICÍPIO DE IRAUÇUBA - CE",IRAUÇUBA,CEARÁ,BRASIL
9778,"CONSTRUÇÃO DE SALAS DE AULA CORRESPONDENTE AO LOTE II - COLÉGIO ESTADUAL PROFESSOR IVAN PEREIRA DE CARVALHO, NO MUNICÍPIO DE CAMOCIM - CE",CAMOCIM,CEARÁ,BRASIL
9775,"CONCLUSÃO DA CONSTRUÇÃO DA DELEGACIA DE CASCAVEL - CE",CASCAVEL,CEARÁ,BRASIL
9772,"CONSTRUÇÃO DE SALAS DE AULA CORRESPONDENTES AO LOTE V - EEMTI GOVERNADOR CÉSAR CALS DE OLIVEIRA FILHO, NO MUNICÍPIO DE QUIXADÁ - CE",QUIXADÁ,CEARÁ,BRASIL
9771,"CONSTRUÇÃO DE SALAS DE AULA CORRESPONDENTES AO LOTE V - EEMTI CORONEL HUMBERTO BEZERRA, NO MUNICÍPIO DE QUIXERAMOBIM - CE",QUIXERAMOBIM,CEARÁ,BRASIL
9767,"CONSTRUÇÃO DE SALAS DE AULA CORRESPONDENTES AO LOTE V - EEMTI DEPUTADO UBIRATAN DINIZ AGUIAR, NO MUNICÍPIO DE CAPISTRANO - CE",CAPISTRANO,CEARÁ,BRASIL
9766,"CONSTRUÇÃO DE SALAS DE AULA CORRESPONDENTES AO LOTE V - EEMTI ALMIR PINTO, NO MUNICÍPIO DE ARACOIABA - CE",ARACOIABA,CEARÁ,BRASIL
9765,"CONSTRUÇÃO DE SALAS DE AULA CORRESPONDENTE AO LOTE IV - EEMTI MARIA NEUSA ARAUJO MOURA, NO MUNICÍPIO DE SANTA QUITÉRIA - CE",SANTA QUITÉRIA,CEARÁ,BRASIL
9764,"CONSTRUÇÃO DE SALAS DE AULA CORRESPONDENTE AO LOTE IV - EEMTI JOÃO DE MESQUITA BRAGA, NO MUNICÍPIO DE SANTA QUITÉRIA - CE",SANTA QUITÉRIA,CEARÁ,BRASIL
9763,"CONSTRUÇÃO DE SALAS DE AULA CORRESPONDENTE AO LOTE IV - EEM FILHA DA LUTA PATATIVA DO ASSARÉ, NO MUNICÍPIO DE CANINDÉ - CE",CANINDÉ,CEARÁ,BRASIL
9762,"CONSTRUÇÃO DE SALAS DE AULA CORRESPONDENTE AO LOTE IV - EEMTI RAIMUNDO DA CUNHA BRITO, NO MUNICÍPIO DE GRAÇA - CE",GRAÇA,CEARÁ,BRASIL
9761,"CONSTRUÇÃO DE SALAS DE AULA CORRESPONDENTE AO LOTE IV - EEM CORONEL APOLIANO, NO MUNICÍPIO DE SENADOR SÁ - CE",SENADOR SÁ,CEARÁ,BRASIL
9760,"CONSTRUÇÃO DE SALAS DE AULA CORRESPONDENTE AO LOTE IV - EEM NAZARÉ SEVERIANO, NO MUNICÍPIO DE SANTANA DO ACARAÚ - CE",SANTANA DO ACARAÚ,CEARÁ,BRASIL
9759,"CONSTRUÇÃO DE SALAS DE AULA CORRESPONDENTE AO LOTE IV - EEM ANTÔNIO CUSTÓDIO, NO MUNICÍPIO DE FRECHEIRINHA - CE",FRECHEIRINHA,CEARÁ,BRASIL
9755,"EXECUÇÃO DE 01 (UMA) BRINQUEDOPRAÇA NA REGIÃO DO SERTÃO DE INHAMUNS, COM ÁREA ÚTIL DE 250M², DEMOLIÇÃO, INSTALAÇÃO E MONTAGEM DE BRINQUEDOS NO ESTADO DO CEARÁ, NO MUNICÍPIO DE QUITERIANOPOLIS - CE	",QUITERIANÓPOLIS,CEARÁ,BRASIL
9754,"EXECUÇÃO DE 01 (UMA) BRINQUEDOPRAÇAS NA REGIÃO DA GRANDE FORTALEZA, COM ÁREA ÚTIL DE 250M², DEMOLIÇÃO, INSTALAÇÃO E MONTAGEM DE BRINQUEDOS NO ESTADO DO CEARÁ, GRUPO DA PAZ, RUA MIL, CONJ. CEARÁ, NO MUNICIPIO DE FORTALEZA - CE	",FORTALEZA,CEARÁ,BRASIL
9753,"EXECUÇÃO DE 01 (UMA) BRINQUEDOPRAÇA NA REGIÃO DO MACIÇO DE BATURITÉ, COM ÁREA ÚTIL DE 250M², DEMOLIÇÃO, INSTALAÇÃO E MONTAGEM DE BRINQUEDOS NO ESTADO DO CEARÁ, NO MUNICÍPIO DE ACARAPE - CE ",ACARAPE,CEARÁ,BRASIL
9752,"EXECUÇÃO DE 01 (UMA) BRINQUEDOPRAÇA NA REGIÃO DO CENTRO SUL, COM ÁREA ÚTIL DE 250M², DEMOLIÇÃO, INSTALAÇÃO E MONTAGEM DE BRINQUEDOS NO ESTADO DO CEARÁ, SABOEIRO 02, NO MUNICÍPIO DE SABOEIRO - CE	",SABOEIRO,CEARÁ,BRASIL
9751,"EXECUÇÃO DE 01 (UMA) BRINQUEDOPRAÇA NA REGIÃO DO VALE DO JAGUARIBE, COM ÁREA ÚTIL DE 250M², DEMOLIÇÃO, INSTALAÇÃO E MONTAGEM DE BRINQUEDOS NO ESTADO DO CEARÁ, NO MUNICÍPIO DE SÃO JOÃO DO JAGUARIBE - CE	",SÃO JOÃO DO JAGUARIBE,CEARÁ,BRASIL
9750,"EXECUÇÃO DE 01 (UMA) BRINQUEDOPRAÇA NA REGIÃO DO VALE DO JAGUARIBE, COM ÁREA ÚTIL DE 250M², DEMOLIÇÃO, INSTALAÇÃO E MONTAGEM DE BRINQUEDOS NO ESTADO DO CEARÁ, NO MUNICÍPIO DE QUIXERÉ - CE	",QUIXERÉ,CEARÁ,BRASIL
9748,"EXECUÇÃO DE 01 (UMA) BRINQUEDOPRAÇAS NA REGIÃO DO CENTRO SUL, COM ÁREA ÚTIL DE 250M², DEMOLIÇÃO, INSTALAÇÃO E MONTAGEM DE BRINQUEDOS NO ESTADO DO CEARÁ, BARBALHA 02, NO MUNICÍPIO DE BARBALHA - CE ",BARBALHA,CEARÁ,BRASIL
9747,"EXECUÇÃO DE 01 (UMA) BRINQUEDOPRAÇAS NA REGIÃO DO CENTRO SUL, COM ÁREA ÚTIL DE 250M², DEMOLIÇÃO, INSTALAÇÃO E MONTAGEM DE BRINQUEDOS NO ESTADO DO CEARÁ, BARBALHA 01, NO MUNICÍPIO DE BARBALHA - CE",BARBALHA,CEARÁ,BRASIL
9743,"EXECUÇÃO DE 01 (UMA) BRINQUEDOPRAÇA NA REGIÃO DA SERRA DE IBIAPABA, COM ÁREA ÚTIL DE 250M², DEMOLIÇÃO, INSTALAÇÃO E MONTAGEM DE BRINQUEDOS NO ESTADO DO CEARÁ, NO MUNICÍPIO DE GUARACIABA DO NORTE - CE		",GUARACIABA DO NORTE,CEARÁ,BRASIL
9741,"EXECUÇÃO DE 01 (UMA) BRINQUEDOPRAÇAS NA REGIÃO DO SERTÃO DOS INHAMUS, COM ÁREA ÚTIL DE 250M², DEMOLIÇÃO, INSTALAÇÃO E MONTAGEM DE BRINQUEDOS NO ESTADO DO CEARÁ, NO MUNICÍPIO DE AIUABA - CE",AIUABA,CEARÁ,BRASIL
9740,"EXECUÇÃO DE 01 (UMA) BRINQUEDOPRAÇAS NA REGIÃO DO VALE DO CURU, COM ÁREA ÚTIL DE 250M², DEMOLIÇÃO, INSTALAÇÃO E MONTAGEM DE BRINQUEDOS NO ESTADO DO CEARÁ, NO MUNICÍPIO DE TURURU - CE",TURURU,CEARÁ,BRASIL
9739,"EXECUÇÃO DE 01 (UMA) BRINQUEDOPRAÇA NA REGIÃO DA SERRA DE IBIAPABA, COM ÁREA ÚTIL DE 250M², DEMOLIÇÃO, INSTALAÇÃO E MONTAGEM DE BRINQUEDOS NO ESTADO DO CEARÁ, NO MUNICÍPIO DE IPU - CE	",IPU,CEARÁ,BRASIL
9738,"EXECUÇÃO DE 01 (UMA) BRINQUEDOPRAÇAS NA REGIÃO DO SERTÃO DOS INHAMUS, COM ÁREA ÚTIL DE 250M², DEMOLIÇÃO, INSTALAÇÃO E MONTAGEM DE BRINQUEDOS NO ESTADO DO CEARÁ, NO MUNICÍPIO DE PARAMBU - CE",PARAMBU,CEARÁ,BRASIL
9737,"EXECUÇÃO DE 01 (UMA) BRINQUEDOPRAÇA NA REGIÃO DO SERTÃO DE CRATEÚS, COM ÁREA ÚTIL DE 250M², DEMOLIÇÃO, INSTALAÇÃO E MONTAGEM DE BRINQUEDOS NO ESTADO DO CEARÁ, NO MUNICÍPIO DE TAMBORIL - CE	",TAMBORIL,CEARÁ,BRASIL
9736,"EXECUÇÃO DE 01 (UMA) BRINQUEDOPRAÇAS NA REGIÃO DO VALE DO CURU, COM ÁREA ÚTIL DE 250M², DEMOLIÇÃO, INSTALAÇÃO E MONTAGEM DE BRINQUEDOS NO ESTADO DO CEARÁ, NO MUNICÍPIO DE IRAUÇUBA - CE ",IRAUÇUBA,CEARÁ,BRASIL
9733,"EXECUÇÃO DE 01 (UMA) BRINQUEDOPRAÇA NA REGIÃO DO SERTÃO DE CRATEÚS, COM ÁREA ÚTIL DE 250M², DEMOLIÇÃO, INSTALAÇÃO E MONTAGEM DE BRINQUEDOS NO ESTADO DO CEARÁ, NO MUNICÍPIO DE NOVO ORIENTE - CE	",NOVO ORIENTE,CEARÁ,BRASIL
9731,"EXECUÇÃO DE 01 (UMA) BRINQUEDOPRAÇA NA REGIÃO DO SERTÃO DE CRATEÚS, COM ÁREA ÚTIL DE 250M², DEMOLIÇÃO, INSTALAÇÃO E MONTAGEM DE BRINQUEDOS NO ESTADO DO CEARÁ, NO MUNICÍPIO DE HIDROLÂNCIA - CE	",HIDROLÂNDIA,CEARÁ,BRASIL
9723,"EXECUÇÃO DE 01 (UMA) BRINQUEDOPRAÇAS NA REGIÃO DO CARIRI, COM ÁREA ÚTIL DE 250M², DEMOLIÇÃO, INSTALAÇÃO E MONTAGEM DE BRINQUEDOS NO ESTADO DO CEARÁ, VÁRZEA ALEGRE 01, NO MUNICÍPIO DE VÁRZEA ALEGRE - CE",VÁRZEA ALEGRE,CEARÁ,BRASIL
9721,"EXECUÇÃO DE 01 (UMA) BRINQUEDOPRAÇAS NA REGIÃO DO CARIRI, COM ÁREA ÚTIL DE 250M², DEMOLIÇÃO, INSTALAÇÃO E MONTAGEM DE BRINQUEDOS NO ESTADO DO CEARÁ, SALITRE 01, NO MUNICÍPIO DE SALITRE - CE	",SALITRE,CEARÁ,BRASIL
9717,"EXECUÇÃO DE 01 (UMA) BRINQUEDOPRAÇAS NA REGIÃO DO CARIRI, COM ÁREA ÚTIL DE 250M², DEMOLIÇÃO, INSTALAÇÃO E MONTAGEM DE BRINQUEDOS NO ESTADO DO CEARÁ, NO MUNICÍPIO DE MISSÃO VELHA - CE	",MISSÃO VELHA,CEARÁ,BRASIL
9716,"EXECUÇÃO DE 01 (UMA) BRINQUEDOPRAÇA NA REGIÃO DO SERTÃO SOBRAL, COM ÁREA ÚTIL DE 250M², DEMOLIÇÃO, INSTALAÇÃO E MONTAGEM DE BRINQUEDOS NO ESTADO DO CEARÁ, NO MUNICÍPIO DE SENADOR SÁ - CE	",SENADOR SÁ,CEARÁ,BRASIL
9715,"EXECUÇÃO DE 01 (UMA) BRINQUEDOPRAÇAS NA REGIÃO DO SERTÃO CENTRAL, COM ÁREA ÚTIL DE 250M², DEMOLIÇÃO, INSTALAÇÃO E MONTAGEM DE BRINQUEDOS NO ESTADO DO CEARÁ, NO MUNICÍPIO DE PEDRA BRANCA - CE",PEDRA BRANCA,CEARÁ,BRASIL
9713,"EXECUÇÃO DE 01 (UMA) BRINQUEDOPRAÇAS NA REGIÃO DO MACIÇO DE BATURITÉ, COM ÁREA ÚTIL DE 250M², DEMOLIÇÃO, INSTALAÇÃO E MONTAGEM DE BRINQUEDOS NO ESTADO DO CEARÁ, NO MUNICÍPIO DE OCARA - CE",OCARA,CEARÁ,BRASIL
9712,"EXECUÇÃO DE 01 (UMA) BRINQUEDOPRAÇAS NA REGIÃO DO CARIRI, COM ÁREA ÚTIL DE 250M², DEMOLIÇÃO, INSTALAÇÃO E MONTAGEM DE BRINQUEDOS NO ESTADO DO CEARÁ, NO MUNICÍPIO DE CARIRIAÇU - CE	",CARIRIAÇU,CEARÁ,BRASIL
9711,"EXECUÇÃO DE 01 (UMA) BRINQUEDOPRAÇA NA REGIÃO DO SERTÃO SOBRAL, COM ÁREA ÚTIL DE 250M², DEMOLIÇÃO, INSTALAÇÃO E MONTAGEM DE BRINQUEDOS NO ESTADO DO CEARÁ, NO MUNICÍPIO DE MUCAMBO - CE	",MUCAMBO,CEARÁ,BRASIL
9710,"EXECUÇÃO DE 01 (UMA) BRINQUEDOPRAÇAS NA REGIÃO DO MACIÇO DE BATURITÉ, COM ÁREA ÚTIL DE 250M², DEMOLIÇÃO, INSTALAÇÃO E MONTAGEM DE BRINQUEDOS NO ESTADO DO CEARÁ, NO MUNICÍPIO DE BATURITÉ - CE",BATURITÉ,CEARÁ,BRASIL
9709,"EXECUÇÃO DE 01 (UMA) BRINQUEDOPRAÇAS NA REGIÃO DO CARIRI, COM ÁREA ÚTIL DE 250M², DEMOLIÇÃO, INSTALAÇÃO E MONTAGEM DE BRINQUEDOS NO ESTADO DO CEARÁ, NO MUNICÍPIO DE CAMPOS SALES - CE",CAMPOS SALES,CEARÁ,BRASIL
9708,"EXECUÇÃO DE 01 (UMA) BRINQUEDOPRAÇAS NA REGIÃO DA GRANDE FORTALEZA, COM ÁREA ÚTIL DE 250M², DEMOLIÇÃO, INSTALAÇÃO E MONTAGEM DE BRINQUEDOS NO ESTADO DO CEARÁ, NO MUNICÍPIO DE MARACANAÚ - CE ",MARACANAÚ,CEARÁ,BRASIL
9703,"EXECUÇÃO DE 01 (UMA) BRINQUEDOPRAÇA NA REGIÃO DO LITORAL NORTE, COM ÁREA ÚTIL DE 250M², DEMOLIÇÃO, INSTALAÇÃO E MONTAGEM DE BRINQUEDOS NO ESTADO DO CEARÁ, NO MUNICÍPIO DE URUOCA - CE	",URUOCA,CEARÁ,BRASIL
9698,"EXECUÇÃO DE 01 (UMA) BRINQUEDOPRAÇAS NA REGIÃO DO CARIRI, COM ÁREA ÚTIL DE 250M², DEMOLIÇÃO, INSTALAÇÃO E MONTAGEM DE BRINQUEDOS NO ESTADO DO CEARÁ, NO MUNICÍPIO DE ABAIARA - CE",ABAIARA,CEARÁ,BRASIL
9697,"EXECUÇÃO DE 01 (UMA) BRINQUEDOPRAÇA NA REGIÃO DO LITORAL NORTE, COM ÁREA ÚTIL DE 250M², DEMOLIÇÃO, INSTALAÇÃO E MONTAGEM DE BRINQUEDOS NO ESTADO DO CEARÁ, NO MUNICÍPIO DE MARCO - CE	",MARCO,CEARÁ,BRASIL
9684,"EXECUÇÃO DE 01 (UMA) BRINQUEDOPRAÇAS NA REGIÃO DO CARIRI, COM ÁREA ÚTIL DE 250M², DEMOLIÇÃO, INSTALAÇÃO E MONTAGEM DE BRINQUEDOS NO ESTADO DO CEARÁ, NO MUNICÍPIO DE MILAGRES - CE",MILAGRES,CEARÁ,BRASIL
9683,"EXECUÇÃO DE 01 (UMA) BRINQUEDOPRAÇA NA REGIÃO DO LITORAL NORTE, COM ÁREA ÚTIL DE 250M², DEMOLIÇÃO, INSTALAÇÃO E MONTAGEM DE BRINQUEDOS NO ESTADO DO CEARÁ, NO MUNICÍPIO DE SANTANA DO ACARAÚ - CE",SANTANA DO ACARAÚ,CEARÁ,BRASIL
9675,"REMANESCENTE DA OBRA DE REFORMA E ADEQUAÇÃO PARA ACESSIBILIDADE NO EDIFÍCIO SEDE DA SEPLAG, LOCALIZADO NO CENTRO ADMINISTRATIVO DO CAMBEBA EM FORTALEZA-CE",FORTALEZA,CEARÁ,BRASIL
9674,"RECUPERAÇÃO ESTRUTURAL DA PONTE DOS INGLESES, NO MUNICÍPIO DE FORTALEZA - CE",FORTALEZA,CEARÁ,BRASIL
9673,"EXECUÇÃO INTEGRAL DO EMPREENDIMENTO DA CONSTRUÇÃO DO CENTRO DE TECNOLOGIAS EM CULTIVO PROTEGIDO – CTCP, NO MUNICÍPIO DE BARBALHA - CE",BARBALHA,CEARÁ,BRASIL
9672,"EXECUÇÃO DE 01 (UMA) BRINQUEDOPRAÇAS NA REGIÃO DA GRANDE FORTALEZA, COM ÁREA ÚTIL DE 250M², DEMOLIÇÃO, INSTALAÇÃO E MONTAGEM DE BRINQUEDOS NO ESTADO DO CEARÁ, NO MUNICÍPIO DE EUSÉBIO - CE",EUSÉBIO,CEARÁ,BRASIL
9671,"EXECUÇÃO DE 01 (UMA) BRINQUEDOPRAÇAS NA REGIÃO DO CARIRI, COM ÁREA ÚTIL DE 250M², DEMOLIÇÃO, INSTALAÇÃO E MONTAGEM DE BRINQUEDOS NO ESTADO DO CEARÁ, PRAÇA MAIS INFÂNCIA, NO MUNICÍPIO DE TAUÁ-  CE",TAUÁ,CEARÁ,BRASIL
9670,"EXECUÇÃO DE 01 (UMA) BRINQUEDOPRAÇAS NA REGIÃO LITORAL LESTE, COM ÁREA ÚTIL DE 250M², DEMOLIÇÃO, INSTALAÇÃO E MONTAGEM DE BRINQUEDOS NO ESTADO DO CEARÁ, RUA DUQUE DE CAXIAS, S/N, NO MUNICÍPIO DE ARACATI - CE",ARACATI,CEARÁ,BRASIL
9669,"EXECUÇÃO DE 01 (UMA) BRINQUEDOPRAÇAS NA REGIÃO DO SERTÃO VALE DO JAGUARIBE, COM ÁREA ÚTIL DE 250M², DEMOLIÇÃO, INSTALAÇÃO E MONTAGEM DE BRINQUEDOS NO ESTADO DO CEARÁ, AV. ÔMEGA COM RUA NICADOR BALTAZAR DE OLIVEIRA, NO MUNICÍPIO DE RUSSAS - CE",RUSSAS,CEARÁ,BRASIL
9668,"EXECUÇÃO DE 01 (UMA) BRINQUEDOPRAÇAS NA REGIÃO DO SERTÃO VALE DO JAGUARIBE, COM ÁREA ÚTIL DE 250M², DEMOLIÇÃO, INSTALAÇÃO E MONTAGEM DE BRINQUEDOS NO ESTADO DO CEARÁ, RUA PADRE VICENTE COM RUA CANDIDO GADELHA, NO MUNICÍPIO DE LIMOEIRO DO NORTE - CE    ",LIMOEIRO DO NORTE,CEARÁ,BRASIL
9667,"EXECUÇÃO DE 01 (UMA) BRINQUEDOPRAÇAS NA REGIÃO DA GRANDE FORTALEZA, COM ÁREA ÚTIL DE 250M², DEMOLIÇÃO, INSTALAÇÃO E MONTAGEM DE BRINQUEDOS NO ESTADO DO CEARÁ, PRAÇA BARTOLOMEU DE GUSMÃO, NO MUNICÍPIO DE FORTALEZA - CE",FORTALEZA,CEARÁ,BRASIL
9666,"EXECUÇÃO DE 01 (UMA) BRINQUEDOPRAÇAS NA REGIÃO DA GRANDE FORTALEZA, COM ÁREA ÚTIL DE 250M², DEMOLIÇÃO, INSTALAÇÃO E MONTAGEM DE BRINQUEDOS NO ESTADO DO CEARÁ, RIO MAR, NO MUNICÍPIO DE FORTALEZA - CE",FORTALEZA,CEARÁ,BRASIL
9664,"EXECUÇÃO DE 01 (UMA) BRINQUEDOPRAÇAS NA REGIÃO DA GRANDE FORTALEZA, COM ÁREA ÚTIL DE 250M², DEMOLIÇÃO, INSTALAÇÃO E MONTAGEM DE BRINQUEDOS NO ESTADO DO CEARÁ, POLO DE LAZER DO CONJUNTO CEARÁ, NO MUNICÍPIO DE FORTALEZA - CE",FORTALEZA,CEARÁ,BRASIL
9662,"EXECUÇÃO DE 01 (UMA) BRINQUEDOPRAÇAS NA REGIÃO DA GRANDE FORTALEZA, COM ÁREA ÚTIL DE 250M², DEMOLIÇÃO, INSTALAÇÃO E MONTAGEM DE BRINQUEDOS NO ESTADO DO CEARÁ, PRAÇA JK, NO MUNICÍPIO DE FORTALEZA - CE",FORTALEZA,CEARÁ,BRASIL
9660,"EXECUÇÃO DE 01 (UMA) BRINQUEDOPRAÇAS NA REGIÃO DO SERTÃO CENTRAL, COM ÁREA ÚTIL DE 250M², DEMOLIÇÃO, INSTALAÇÃO E MONTAGEM DE BRINQUEDOS NO ESTADO DO CEARÁ, NO MUNICÍPIO DE QUIXERAMOBIM - CE",QUIXERAMOBIM,CEARÁ,BRASIL
9659,"EXECUÇÃO DE 01 (UMA) BRINQUEDOPRAÇAS NA REGIÃO DO CARIRI, COM ÁREA ÚTIL DE 250M², DEMOLIÇÃO, INSTALAÇÃO E MONTAGEM DE BRINQUEDOS NO ESTADO DO CEARÁ, NO MUNICÍPIO DE TAUÁ- CE",TAUÁ,CEARÁ,BRASIL
